date,NDVI,EVI,EVI2,CLr,MNDVI,MNDWI,LSWI,NDII
2019-01-01,0.35998854,0.2054295,0.16317801,0.42363796,0.1639782,-0.0027092737,0.39065477,0.5161056
2019-01-02,0.35998854,0.2054295,0.16317801,0.42363796,0.1639782,-0.0027092737,0.39065477,0.5161056
2019-01-03,0.35998854,0.2054295,0.16317801,0.42363796,0.1639782,-0.0027092737,0.39065477,0.5161056
2019-01-04,0.35998854,0.2054295,0.16317801,0.42363796,0.1639782,-0.0027092737,0.39065477,0.5161056
2019-01-05,0.35998854,0.2054295,0.16317801,0.42363796,0.1639782,-0.0027092737,0.39065477,0.5161056
2019-01-06,0.35998854,0.2054295,0.16317801,0.42363796,0.1639782,-0.0027092737,0.39065477,0.5161056
2019-01-07,0.35998854,0.2054295,0.16317801,0.42363796,0.1639782,-0.0027092737,0.39065477,0.5161056
2019-01-08,0.35998854,0.2054295,0.16317801,0.42363796,0.1639782,-0.0027092737,0.39065477,0.5161056
2019-01-09,0.35998854,0.2054295,0.16317801,0.42363796,0.1639782,-0.0027092737,0.39065477,0.5161056
2019-01-10,0.35998854,0.2054295,0.16317801,0.42363796,0.1639782,-0.0027092737,0.39065477,0.5161056
2019-01-11,0.35998854,0.2054295,0.16317801,0.42363796,0.1639782,-0.0027092737,0.39065477,0.5161056
2019-01-12,0.35998854,0.2054295,0.16317801,0.42363796,0.1639782,-0.0027092737,0.39065477,0.5161056
2019-01-13,0.35998854,0.2054295,0.16317801,0.42363796,0.1639782,-0.0027092737,0.39065477,0.5161056
2019-01-14,0.35998854,0.2054295,0.16317801,0.42363796,0.1639782,-0.0027092737,0.39065477,0.5161056
2019-01-15,0.35998854,0.2054295,0.16317801,0.42363796,0.1639782,-0.0027092737,0.39065477,0.5161056
2019-01-16,0.35998854,0.2054295,0.16317801,0.42363796,0.1639782,-0.0027092737,0.39065477,0.5161056
2019-01-17,0.35998854,0.2054295,0.16317801,0.42363796,0.1639782,-0.0027092737,0.39065477,0.5161056
2019-01-18,0.35998854,0.2054295,0.16317801,0.42363796,0.1639782,-0.0027092737,0.39065477,0.5161056
2019-01-19,0.35998854,0.2054295,0.16317801,0.42363796,0.1639782,-0.0027092737,0.39065477,0.5161056
2019-01-20,0.35998854,0.2054295,0.16317801,0.42363796,0.1639782,-0.0027092737,0.39065477,0.5161056
2019-01-21,0.37155268,0.20415568,0.162918,0.44881257,0.17051856,-0.04205819,0.3717674,0.49385697
2019-01-22,0.38300282,0.20294046,0.16279727,0.47354493,0.17699313,-0.08095279,0.35303724,0.47186893
2019-01-23,0.3943029,0.2017828,0.16281104,0.49776974,0.18338186,-0.119317874,0.33445588,0.4501847
2019-01-24,0.4054169,0.20068161,0.16295452,0.5214217,0.1896647,-0.15707819,0.31601486,0.4288474
2019-01-25,0.4163087,0.19963586,0.16322294,0.5444355,0.19582166,-0.19415854,0.2977058,0.40790018
2019-01-26,0.4269423,0.19864447,0.16361152,0.5667459,0.2018327,-0.23048367,0.27952027,0.3873862
2019-01-27,0.43728158,0.19770642,0.16411544,0.5882875,0.20767777,-0.26597837,0.26144984,0.36734864
2019-01-28,0.44729054,0.19682063,0.16472997,0.608995,0.21333684,-0.30056742,0.24348615,0.34783062
2019-01-29,0.45693308,0.19598605,0.16545027,0.62880325,0.2187899,-0.3341756,0.22562072,0.32887533
2019-01-30,0.46617314,0.19520162,0.1662716,0.6476468,0.2240169,-0.36672768,0.20784517,0.3105259
2019-01-31,0.47497472,0.1944663,0.16718915,0.6654604,0.22899783,-0.39814842,0.19015107,0.2928255
2019-02-01,0.4833017,0.193779,0.16819814,0.68217874,0.23371263,-0.4283626,0.17252998,0.27581725
2019-02-02,0.49111804,0.1931387,0.16929379,0.69773656,0.23814128,-0.45729503,0.15497354,0.25954434
2019-02-03,0.49838766,0.19254434,0.17047133,0.7120685,0.24226376,-0.48487043,0.13747327,0.24404994
2019-02-04,0.50507456,0.19199486,0.17172596,0.72510934,0.24606004,-0.5110136,0.12002081,0.22937717
2019-02-05,0.5111427,0.19148919,0.17305289,0.7367937,0.24951008,-0.53564936,0.102607705,0.2155692
2019-02-06,0.51655585,0.19102629,0.17444734,0.7470563,0.25259385,-0.5587024,0.08522555,0.20266919
2019-02-07,0.52127814,0.19060509,0.17590454,0.75583184,0.2552913,-0.5800976,0.06786593,0.19072029
2019-02-08,0.5252734,0.19022456,0.17741969,0.7630551,0.25758243,-0.59975964,0.05052043,0.17976566
2019-02-09,0.5285056,0.18988362,0.17898802,0.7686606,0.25944722,-0.6176133,0.03318063,0.16984846
2019-02-10,0.53093874,0.18958123,0.18060473,0.77258325,0.26086557,-0.6335834,0.015838115,0.16101183
2019-02-11,0.53253675,0.18931633,0.18226504,0.7747576,0.26181754,-0.64759475,-0.0015155354,0.15329893
2019-02-12,0.5332635,0.18908785,0.18396418,0.7751184,0.26228303,-0.65957206,-0.018888734,0.14675292
2019-02-13,0.53308296,0.18889476,0.18569736,0.7736004,0.26224205,-0.66944015,-0.0362899,0.14141697
2019-02-14,0.53195906,0.18873599,0.18745978,0.7701382,0.26167452,-0.6771237,-0.053727448,0.1373342
2019-02-15,0.52988595,0.18922316,0.19090387,0.76158154,0.26034722,-0.6814692,-0.07040033,0.13651644
2019-02-16,0.5267955,0.1899434,0.19461241,0.7518024,0.25885528,-0.6807792,-0.0845041,0.13588732
2019-02-17,0.52314204,0.1897234,0.19544055,0.7464556,0.25787497,-0.6770552,-0.093260996,0.13213935
2019-02-18,0.5194706,0.1886171,0.19383399,0.7435903,0.25718942,-0.6729817,-0.096032046,0.12734295
2019-02-19,0.51578814,0.18692769,0.19056933,0.74226606,0.25668153,-0.66869235,-0.094528794,0.12197596
2019-02-20,0.5121016,0.18495846,0.1864231,0.74154264,0.25623417,-0.6643211,-0.09046279,0.11651613
2019-02-21,0.50841784,0.18301259,0.18217187,0.74047977,0.2557302,-0.6600017,-0.08554557,0.11144127
2019-02-22,0.50474393,0.18139334,0.1785922,0.7381371,0.25505254,-0.6558678,-0.081488684,0.10722918
2019-02-23,0.50108665,0.18040393,0.17646067,0.73357445,0.25408405,-0.65205336,-0.08000367,0.104357645
2019-02-24,0.49745297,0.18034759,0.17655385,0.7258514,0.25270763,-0.648692,-0.08280208,0.10330447
2019-02-25,0.49397972,0.18567677,0.18347505,0.6894652,0.24452762,-0.6469111,-0.09389082,0.105293386
2019-02-26,0.4905743,0.1918124,0.19072391,0.64506924,0.23373324,-0.6454452,-0.1018786,0.10758718
2019-02-27,0.48634577,0.19363992,0.19225328,0.6194515,0.22685798,-0.6418258,-0.10110179,0.10818759
2019-02-28,0.48073164,0.19491312,0.1926789,0.59397674,0.2199595,-0.63603145,-0.10016358,0.10874151
2019-03-01,0.4738874,0.1956904,0.19211617,0.5688042,0.21308418,-0.6282781,-0.0990784,0.109252945
2019-03-02,0.46596867,0.1960302,0.19068052,0.54409313,0.20627841,-0.6187814,-0.0978607,0.109725945
2019-03-03,0.45713088,0.19599096,0.18848735,0.5200027,0.19958858,-0.60775733,-0.09652492,0.11016454
2019-03-04,0.44752958,0.19563112,0.18565208,0.4966923,0.19306105,-0.5954217,-0.09508548,0.11057276
2019-03-05,0.43732035,0.19500911,0.1822901,0.47432107,0.18674222,-0.58199024,-0.093556836,0.11095464
2019-03-06,0.42665866,0.19418335,0.17851685,0.45304823,0.18067846,-0.56767887,-0.09195343,0.11131422
2019-03-07,0.41570008,0.19321229,0.17444773,0.43303308,0.17491616,-0.5527034,-0.09028968,0.11165553
2019-03-08,0.40460008,0.19215435,0.17019817,0.41443485,0.1695017,-0.53727967,-0.08858005,0.1119826
2019-03-09,0.39351428,0.19106798,0.16588356,0.39741275,0.16448146,-0.52162343,-0.08683896,0.112299465
2019-03-10,0.3825981,0.19001159,0.1616193,0.38212603,0.15990183,-0.5059506,-0.08508086,0.11261016
2019-03-11,0.37200716,0.18904363,0.15752085,0.36873397,0.15580916,-0.490477,-0.08332019,0.11291872
2019-03-12,0.36189696,0.18822253,0.15370359,0.35739577,0.15224989,-0.47541842,-0.08157138,0.11322918
2019-03-13,0.352423,0.18760672,0.15028292,0.34827065,0.14927034,-0.4609907,-0.07984887,0.11354556
2019-03-14,0.34374082,0.18725465,0.14737429,0.34151793,0.14691693,-0.44740966,-0.07816711,0.11387191
2019-03-15,0.336006,0.18722473,0.14509308,0.33729678,0.14523603,-0.43489113,-0.07654053,0.11421225
2019-03-16,0.329374,0.1875754,0.14355472,0.33576646,0.14427403,-0.42365095,-0.07498357,0.11457063
2019-03-17,0.32400036,0.1883651,0.14287461,0.33708623,0.1440773,-0.41390494,-0.07351066,0.11495107
2019-03-18,0.32004064,0.18965226,0.14316818,0.34141532,0.14469223,-0.40586895,-0.07213625,0.11535761
2019-03-19,0.31765035,0.19149533,0.14455083,0.34891295,0.14616519,-0.3997588,-0.07087479,0.11579428
2019-03-20,0.316985,0.19395271,0.14713797,0.35973838,0.14854258,-0.39579025,-0.0697407,0.11626511
2019-03-21,0.31820017,0.19708285,0.15104502,0.37405086,0.15187077,-0.39417922,-0.06874842,0.11677414
2019-03-22,0.3224822,0.2006709,0.15587385,0.3917496,0.15644826,-0.39688465,-0.06790483,0.11730755
2019-03-23,0.33048877,0.2044376,0.16109553,0.41226122,0.16237251,-0.4050187,-0.067186385,0.11787146
2019-03-24,0.34158227,0.2083447,0.16662933,0.43503603,0.16938838,-0.4175268,-0.066561945,0.11849985
2019-03-25,0.355125,0.21235397,0.17239448,0.45952442,0.1772407,-0.43335456,-0.066000365,0.11922668
2019-03-26,0.37047946,0.21642722,0.17831023,0.4851767,0.18567431,-0.45144746,-0.06547048,0.12008591
2019-03-27,0.38700798,0.22052619,0.18429583,0.51144326,0.19443406,-0.47075102,-0.06494115,0.121111505
2019-03-28,0.40407297,0.22461267,0.19027053,0.5377743,0.2032648,-0.4902108,-0.06438123,0.12233744
2019-03-29,0.42103678,0.22864842,0.19615355,0.5636204,0.21191137,-0.50877225,-0.06375955,0.12379767
2019-03-30,0.43726182,0.23259525,0.20186417,0.58843166,0.2201186,-0.52538097,-0.06304497,0.12552617
2019-03-31,0.45211044,0.2364149,0.20732161,0.6116585,0.22763135,-0.53898245,-0.062206354,0.1275569
2019-04-01,0.46494508,0.24006915,0.21244514,0.6327513,0.23419444,-0.54852223,-0.06121253,0.12992382
2019-04-02,0.4751281,0.2435198,0.21715398,0.65116036,0.23955275,-0.5529458,-0.060032357,0.13266091
2019-04-03,0.4837687,0.24682224,0.2215703,0.667281,0.24409814,-0.5543231,-0.057666946,0.13949896
2019-04-04,0.49238303,0.25006807,0.22588375,0.68244743,0.24848484,-0.55551374,-0.053534094,0.15204793
2019-04-05,0.50094396,0.25327334,0.23011482,0.6975186,0.25285116,-0.5566481,-0.048227664,0.16716047
2019-04-06,0.5094244,0.25645408,0.234284,0.71335334,0.2573354,-0.55785626,-0.042341523,0.18168922
2019-04-07,0.5177971,0.25962636,0.23841175,0.7308104,0.26207593,-0.5592686,-0.036469534,0.19248687
2019-04-08,0.5259879,0.26235056,0.24165466,0.750066,0.26706466,-0.56085604,-0.029791571,0.2000445
2019-04-09,0.5339879,0.26438054,0.24355173,0.77051824,0.27217865,-0.56250167,-0.02142371,0.2070584
2019-04-10,0.541868,0.2660226,0.24469717,0.7918594,0.27738404,-0.5642037,-0.011864119,0.21368906
2019-04-11,0.54969895,0.26758295,0.24568518,0.81378144,0.28264686,-0.56596035,-0.0016109699,0.22009692
2019-04-12,0.55755186,0.2693679,0.24710993,0.8359766,0.28793323,-0.56776994,0.008837566,0.22644246
2019-04-13,0.5654976,0.27168366,0.24956566,0.8581369,0.29320925,-0.5696307,0.018983318,0.23288614
2019-04-14,0.57360697,0.27483654,0.25364652,0.87995446,0.29844096,-0.57154083,0.028328115,0.23958841
2019-04-15,0.58195096,0.27913278,0.25994676,0.90112144,0.3035945,-0.57349867,0.036373787,0.24670975
2019-04-16,0.59342605,0.28935564,0.27405605,0.910717,0.30393496,-0.58585954,0.027570408,0.2546246
2019-04-17,0.60978305,0.30390254,0.2913093,0.92877513,0.31021568,-0.5950869,0.025861617,0.26602697
2019-04-18,0.628614,0.3178397,0.30445337,0.9883765,0.32745957,-0.5860302,0.048987813,0.28993487
2019-04-19,0.648557,0.3324836,0.31708017,1.0769966,0.34503236,-0.57209456,0.07382881,0.32367656
2019-04-20,0.6695341,0.34793702,0.3306691,1.1723523,0.36264673,-0.56027323,0.0978359,0.35335702
2019-04-21,0.6914724,0.37254912,0.3498047,1.2656155,0.38018894,-0.5522064,0.12037615,0.37306726
2019-04-22,0.7139088,0.3943932,0.36819887,1.3619891,0.39773637,-0.54581445,0.1430491,0.39349782
2019-04-23,0.7395401,0.40406123,0.3805846,1.4928519,0.41890714,-0.54606575,0.16807282,0.42163697
2019-04-24,0.76684225,0.4130748,0.39178872,1.6375743,0.44089854,-0.55055404,0.1949186,0.45312548
2019-04-25,0.7888202,0.42251742,0.40212268,1.716908,0.4540788,-0.54963094,0.22026639,0.4819463
2019-04-26,0.8019753,0.43253732,0.41202217,1.7344767,0.45841888,-0.5405376,0.24222639,0.5070564
2019-04-27,0.80878705,0.44256052,0.42172757,1.7480116,0.46083236,-0.52822775,0.2612084,0.53052586
2019-04-28,0.8112274,0.45258716,0.43125713,1.759425,0.46210125,-0.5146219,0.27734172,0.5510072
2019-04-29,0.8112684,0.46261743,0.4406292,1.7706298,0.4630076,-0.5016405,0.2907557,0.56715286
2019-04-30,0.8108821,0.47265148,0.44986218,1.7835382,0.46433344,-0.49120393,0.30157962,0.5776154
2019-05-01,0.81093216,0.48272184,0.45875227,1.7979758,0.46610674,-0.48257723,0.31085357,0.5844857
2019-05-02,0.8109694,0.49285364,0.46711788,1.8124956,0.46784016,-0.4738404,0.31953707,0.59077287
2019-05-03,0.8109968,0.5030361,0.47501054,1.8271024,0.46954292,-0.46513608,0.32763878,0.5965063
2019-05-04,0.8110169,0.5132582,0.48248172,1.8418012,0.4712242,-0.4566071,0.3351672,0.60171556
2019-05-05,0.8110327,0.5235093,0.4895829,1.8565966,0.47289315,-0.44839615,0.34213102,0.60643005
2019-05-06,0.811047,0.5337785,0.49636564,1.8714933,0.47455898,-0.44064596,0.3485388,0.6106793
2019-05-07,0.8110626,0.54405487,0.5028814,1.8864963,0.47623083,-0.43349934,0.3543991,0.61449283
2019-05-08,0.8110822,0.5543276,0.50918174,1.9016103,0.47791794,-0.42709893,0.3597206,0.6179001
2019-05-09,0.8111087,0.5645859,0.5153181,1.9168398,0.47962943,-0.42158753,0.3645118,0.62093055
2019-05-10,0.81114495,0.57481897,0.521342,1.93219,0.4813745,-0.41710785,0.36878133,0.6236138
2019-05-11,0.8111937,0.5850158,0.52730495,1.9476653,0.48316237,-0.41380262,0.37253782,0.6259791
2019-05-12,0.8112578,0.59516567,0.53325844,1.9632708,0.48500216,-0.41181463,0.37578982,0.6280562
2019-05-13,0.8113412,0.60371274,0.5378999,1.9859744,0.48748136,-0.41080984,0.37878057,0.63002765
2019-05-14,0.8114448,0.60931176,0.540073,2.0218515,0.49110237,-0.41032702,0.381733,0.63204724
2019-05-15,0.8115665,0.6122676,0.5400484,2.069567,0.49574676,-0.4103179,0.38462535,0.634101
2019-05-16,0.81170404,0.6128851,0.53809696,2.127786,0.5012961,-0.4107343,0.38743585,0.636175
2019-05-17,0.8118554,0.61146927,0.53448933,2.1951733,0.5076319,-0.41152802,0.39014274,0.63825536
2019-05-18,0.81201845,0.60832494,0.5294964,2.2703943,0.5146358,-0.41265082,0.39272422,0.64032817
2019-05-19,0.81219107,0.603757,0.5233888,2.352114,0.5221893,-0.4140545,0.39515853,0.6423795
2019-05-20,0.8123712,0.5980704,0.51643735,2.4389973,0.5301741,-0.41569087,0.39742386,0.64439553
2019-05-21,0.8125566,0.59156996,0.5089128,2.5297093,0.5384716,-0.41751167,0.3994985,0.6463622
2019-05-22,0.81274533,0.58456063,0.501086,2.6229153,0.5469634,-0.41946873,0.40136063,0.64826566
2019-05-23,0.8129352,0.5773473,0.49322754,2.71728,0.55553114,-0.42151383,0.4029885,0.650092
2019-05-24,0.81312406,0.57023484,0.4856083,2.8114686,0.5640564,-0.42359874,0.40436032,0.65182734
2019-05-25,0.81330985,0.5635281,0.47849903,2.904146,0.57242066,-0.42567527,0.40545434,0.65345764
2019-05-26,0.8134904,0.55753213,0.47217044,2.9939775,0.5805055,-0.42769518,0.40624875,0.65496916
2019-05-27,0.8136636,0.55255175,0.46689335,3.0796282,0.5881925,-0.4296103,0.4067218,0.6563479
2019-05-28,0.8138274,0.5488918,0.4629385,3.1597629,0.59536326,-0.4313724,0.40685174,0.65757984
2019-05-29,0.8139797,0.54685724,0.4605766,3.2330468,0.6018994,-0.43293327,0.40661675,0.65865123
2019-05-30,0.81411827,0.546753,0.46007848,3.298145,0.6076823,-0.4342447,0.40599504,0.6595481
2019-05-31,0.81424105,0.54888386,0.46171486,3.3537223,0.61259365,-0.43525845,0.40496492,0.6602565
2019-06-01,0.814346,0.5535548,0.4657565,3.3984442,0.61651504,-0.43592632,0.40350455,0.66076255
2019-06-02,0.80813193,0.57336396,0.48249814,3.3643434,0.6145225,-0.43512616,0.3999892,0.6604336
2019-06-03,0.796186,0.6048899,0.50988066,3.2632356,0.6076158,-0.4332344,0.39510483,0.6595744
2019-06-04,0.7888385,0.62440825,0.5296441,3.21346,0.6045616,-0.43245065,0.39229575,0.65957725
2019-06-05,0.79020137,0.6288877,0.53867704,3.2568789,0.60802627,-0.4371772,0.39170438,0.6605307
2019-06-06,0.79666966,0.63123304,0.5460791,3.348266,0.61433077,-0.44918233,0.39116716,0.66158646
2019-06-07,0.8069985,0.6316235,0.55190706,3.475328,0.6227245,-0.46671477,0.39066932,0.6627316
2019-06-08,0.8199431,0.63023835,0.55621755,3.6257713,0.6324565,-0.4880232,0.39019606,0.6639531
2019-06-09,0.8342586,0.62725693,0.55906737,3.7873027,0.6427761,-0.51135635,0.38973263,0.6652382
2019-06-10,0.8487003,0.62285835,0.56051314,3.9476285,0.65293235,-0.53496295,0.38926423,0.6665738
2019-06-11,0.8620232,0.617222,0.5606116,4.0944552,0.6621745,-0.55709165,0.38877612,0.6679471
2019-06-12,0.8729826,0.61052716,0.55941945,4.2154894,0.6697519,-0.5759913,0.38825354,0.66934514
2019-06-13,0.88033366,0.6029531,0.5569935,4.2984376,0.6749135,-0.58991045,0.3876817,0.6707549
2019-06-14,0.8828316,0.594679,0.55339026,4.331006,0.67690873,-0.5970979,0.38704583,0.6721636
2019-06-15,0.88048834,0.5820612,0.54374754,4.3082128,0.67578787,-0.5955315,0.38636827,0.67376316
2019-06-16,0.8753319,0.56406003,0.52670956,4.2476263,0.6728107,-0.58726555,0.38568315,0.6756426
2019-06-17,0.8691415,0.544761,0.50759304,4.1707788,0.66904056,-0.5766634,0.38499343,0.6776348
2019-06-18,0.8636964,0.52824956,0.49171475,4.0992026,0.66554075,-0.5680881,0.38430196,0.6795723
2019-06-19,0.86077565,0.51861125,0.48439136,4.0544295,0.66337466,-0.56590307,0.38361174,0.681288
2019-06-20,0.86182314,0.5248259,0.49107832,4.061672,0.66374743,-0.57049644,0.382844,0.6814662
2019-06-21,0.86580914,0.5463446,0.5087848,4.112863,0.66623545,-0.57800335,0.3819367,0.67936945
2019-06-22,0.8708027,0.57295996,0.5301579,4.179613,0.6694587,-0.5864075,0.38091764,0.67569757
2019-06-23,0.87487286,0.5944645,0.54784507,4.2335353,0.67203707,-0.59369236,0.37981468,0.67115045
2019-06-24,0.87608874,0.6006508,0.5544935,4.246241,0.6725905,-0.5978417,0.37865564,0.6664281
2019-06-25,0.86409307,0.59269655,0.54821914,3.9792635,0.6575439,-0.59501916,0.3521296,0.6550977
2019-06-26,0.84813416,0.5833225,0.5430371,3.6513224,0.6382405,-0.5901489,0.32331762,0.6419245
2019-06-27,0.8548295,0.5770894,0.54555357,3.756703,0.64362633,-0.5993612,0.33415326,0.6481377
2019-06-28,0.8747504,0.57397634,0.5490026,4.0705304,0.66170216,-0.61828554,0.35918984,0.666986
2019-06-29,0.8813046,0.5742176,0.5498223,4.1714587,0.6670479,-0.6272954,0.36997247,0.6739953
2019-06-30,0.82584167,0.695517,0.5479932,3.668217,0.629256,-0.54818195,0.3589107,0.63879216
2019-07-01,0.77329755,0.8153996,0.5459628,3.1904867,0.5927378,-0.47246805,0.34922418,0.6072054
2019-07-02,0.7708625,0.8131489,0.5438314,3.1115785,0.5870118,-0.47677922,0.3464665,0.6073871
2019-07-03,0.76977944,0.8082389,0.54161245,3.062721,0.58357096,-0.48109376,0.34430772,0.6076036
2019-07-04,0.7699154,0.8009217,0.53931457,3.040873,0.58218426,-0.48541164,0.34268263,0.60785556
2019-07-05,0.7711373,0.79144937,0.53694636,3.0429928,0.58262104,-0.48973286,0.3415261,0.6081436
2019-07-06,0.77331215,0.7800741,0.53451645,3.066039,0.58465034,-0.49405736,0.34077296,0.6084685
2019-07-07,0.77630705,0.76704806,0.53203344,3.10697,0.5880414,-0.4983851,0.34035805,0.6088308
2019-07-08,0.7799889,0.7526233,0.529506,3.1627445,0.59256345,-0.50271606,0.34021625,0.6092313
2019-07-09,0.7842247,0.737052,0.5269427,3.230321,0.59798557,-0.5070503,0.34028238,0.6096707
2019-07-10,0.78888154,0.7205863,0.52435213,3.3066578,0.604077,-0.5113876,0.3404913,0.6101496
2019-07-11,0.79382634,0.7034784,0.521743,3.3887138,0.61060685,-0.5157281,0.34077787,0.6106687
2019-07-12,0.7989261,0.6859803,0.5191238,3.473447,0.6173444,-0.5200717,0.3410769,0.6112288
2019-07-13,0.8040479,0.66834426,0.5165033,3.5578165,0.62405866,-0.52441835,0.34132332,0.6118305
2019-07-14,0.80905867,0.65082234,0.5138899,3.6387804,0.630519,-0.52876806,0.34145185,0.61247444
2019-07-15,0.8138254,0.6336667,0.51129246,3.7132971,0.63649446,-0.5331208,0.34139746,0.6131613
2019-07-16,0.8182152,0.6171295,0.5087194,3.7783258,0.64175427,-0.53747654,0.3410949,0.6138919
2019-07-17,0.8220949,0.60146284,0.50617945,3.8308244,0.64606756,-0.5418352,0.3404791,0.6146668
2019-07-18,0.8253317,0.5869189,0.5036812,3.8677516,0.64920354,-0.5461968,0.33948484,0.6154868
2019-07-19,0.8277924,0.5737498,0.5012333,3.886066,0.6509314,-0.5505613,0.33804703,0.61635244
2019-07-20,0.82934415,0.56220764,0.49884424,3.882726,0.6510203,-0.55492866,0.33610046,0.6172645
2019-07-21,0.8298539,0.5525446,0.49652275,3.85469,0.6492394,-0.5592989,0.33358002,0.61822367
2019-07-22,0.82918864,0.54501283,0.49427742,3.798917,0.6453579,-0.5636719,0.33042052,0.61923057
2019-07-23,0.82721543,0.5398644,0.49211687,3.712365,0.63914496,-0.5680477,0.32655683,0.6202859
2019-07-24,0.82380116,0.53735155,0.49004972,3.5919929,0.6303697,-0.57242626,0.3219238,0.62139046
2019-07-25,0.8195646,0.53734463,0.49647722,3.4132068,0.6184784,-0.5768189,0.31364232,0.62267053
2019-07-26,0.81449914,0.53608507,0.5039108,3.249592,0.6070774,-0.5811986,0.3061037,0.62381184
2019-07-27,0.80807155,0.53176904,0.5031177,3.146001,0.59815186,-0.5828412,0.30285943,0.6237317
2019-07-28,0.8005831,0.52621526,0.50091136,3.0508108,0.589669,-0.5795796,0.30019468,0.6219691
2019-07-29,0.7922149,0.51966625,0.49753523,2.9635346,0.5816109,-0.57219166,0.29805052,0.61879617
2019-07-30,0.78314763,0.5123644,0.49323252,2.883686,0.57396007,-0.56145537,0.29636797,0.6144849
2019-07-31,0.77356243,0.5045522,0.48824656,2.8107781,0.5666986,-0.54814875,0.29508805,0.60930735
2019-08-01,0.7636403,0.49647212,0.4828207,2.7443244,0.5598089,-0.5330497,0.29415184,0.6035357
2019-08-02,0.7535621,0.48836657,0.47719818,2.6838384,0.55327314,-0.51693624,0.2935003,0.5974419
2019-08-03,0.7435088,0.48047802,0.47162238,2.628833,0.54707366,-0.50058633,0.29307455,0.5912981
2019-08-04,0.7336614,0.4730489,0.4663366,2.578822,0.54119265,-0.484778,0.29281554,0.5853763
2019-08-05,0.7242009,0.4663217,0.46158415,2.5333183,0.53561246,-0.47028908,0.29266432,0.57994866
2019-08-06,0.71530825,0.46053886,0.4576083,2.4918358,0.53031534,-0.45789766,0.29256195,0.57528716
2019-08-07,0.7071643,0.4559428,0.45465246,2.4538875,0.5252835,-0.44838163,0.29244947,0.5716639
2019-08-08,0.69995016,0.452776,0.45295984,2.4189866,0.5204993,-0.44251904,0.29226786,0.56935096
2019-08-09,0.69603944,0.45156807,0.45247743,2.404987,0.51793444,-0.44119474,0.2926096,0.5689233
2019-08-10,0.69717807,0.45248184,0.45289245,2.4264095,0.5191871,-0.44430134,0.2939988,0.570558
2019-08-11,0.7026055,0.45520976,0.45405865,2.4777672,0.52367914,-0.4511284,0.2962741,0.57393
2019-08-12,0.71156114,0.45944417,0.45582977,2.5535743,0.5308323,-0.46096542,0.299274,0.5787146
2019-08-13,0.7232844,0.4648775,0.45805955,2.6483443,0.54006845,-0.47310197,0.30283713,0.5845867
2019-08-14,0.7370147,0.47120214,0.46060178,2.756591,0.55080944,-0.48682752,0.30680203,0.59122145
2019-08-15,0.7519915,0.47811046,0.46331018,2.872828,0.5624771,-0.50143164,0.31100732,0.5982939
2019-08-16,0.7674541,0.4852949,0.4660385,2.991569,0.5744932,-0.5162038,0.31529155,0.6054792
2019-08-17,0.782642,0.49244782,0.46864048,3.1073277,0.5862797,-0.53043365,0.3194933,0.6124524
2019-08-18,0.79679453,0.49926165,0.4709699,3.2146177,0.59725827,-0.5434106,0.32345116,0.61888856
2019-08-19,0.80915123,0.50542873,0.47288048,3.307953,0.6068508,-0.5544242,0.3270037,0.6244628
2019-08-20,0.81895137,0.5106415,0.474226,3.3818467,0.6144791,-0.56276405,0.32998946,0.62885016
2019-08-21,0.82543445,0.51459235,0.47486016,3.430813,0.6195651,-0.5677196,0.33224708,0.6317257
2019-08-22,0.82783985,0.5169736,0.47463676,3.4493654,0.62153053,-0.5685804,0.3336151,0.6327647
2019-08-23,0.825407,0.5174778,0.47340953,3.4320178,0.6197972,-0.56463593,0.3339321,0.631642
2019-08-24,0.8036061,0.51205516,0.46584025,3.1324446,0.5971614,-0.546706,0.31163168,0.6238379
2019-08-25,0.7831228,0.506979,0.4588381,2.8524377,0.57657814,-0.52884877,0.28968778,0.6163893
2019-08-26,0.78078383,0.5091003,0.45914233,2.863639,0.57721543,-0.5224989,0.2919128,0.61480963
2019-08-27,0.7787596,0.5143871,0.46098784,2.8897977,0.57835233,-0.5164893,0.29703343,0.6133196
2019-08-28,0.77712786,0.5216917,0.46384296,2.9257617,0.5798156,-0.51106465,0.3040704,0.6119903
2019-08-29,0.77596635,0.52986664,0.46717596,2.9663794,0.5814321,-0.50646925,0.31204447,0.6108928
2019-08-30,0.7753528,0.53776443,0.47045517,3.006499,0.58302844,-0.5029476,0.31997636,0.61009824
2019-08-31,0.775365,0.5442375,0.47314885,3.0409694,0.5844314,-0.5007444,0.32688674,0.6096777
2019-09-01,0.7760806,0.5481384,0.47472534,3.0646384,0.58546776,-0.5001039,0.33179638,0.6097023
2019-09-02,0.7775775,0.54831946,0.47465292,3.0723543,0.5859642,-0.5012707,0.33372596,0.6102431
2019-09-03,0.77953583,0.5460021,0.4735167,3.0706751,0.58614177,-0.5036283,0.3337965,0.6110676
2019-09-04,0.7815765,0.5432093,0.47226557,3.069512,0.5863343,-0.50636655,0.3337889,0.6118959
2019-09-05,0.7836887,0.5399961,0.4709134,3.0687428,0.5865376,-0.50943935,0.33371368,0.612728
2019-09-06,0.7858613,0.5364174,0.46947414,3.068246,0.58674765,-0.5128008,0.33358145,0.61356384
2019-09-07,0.78808343,0.5325284,0.46796167,3.0678997,0.5869605,-0.5164048,0.33340272,0.61440337
2019-09-08,0.790344,0.528384,0.46638986,3.0675826,0.5871719,-0.5202055,0.33318806,0.6152466
2019-09-09,0.7926321,0.52403915,0.46477267,3.0671725,0.587378,-0.5241567,0.332948,0.61609346
2019-09-10,0.7949368,0.519549,0.46312398,3.066548,0.58757466,-0.52821255,0.33269313,0.616944
2019-09-11,0.79724693,0.5149686,0.46145767,3.0655873,0.58775777,-0.532327,0.33243403,0.61779815
2019-09-12,0.79955167,0.51035285,0.4597877,3.0641685,0.58792335,-0.536454,0.3321812,0.61865586
2019-09-13,0.80183995,0.5057568,0.45812792,3.0621698,0.58806735,-0.5405476,0.3319452,0.61951715
2019-09-14,0.8041008,0.5012354,0.45649222,3.0594697,0.58818567,-0.5445618,0.33173665,0.620382
2019-09-15,0.80632335,0.49684384,0.45489457,3.0559466,0.58827424,-0.5484506,0.33156604,0.6212504
2019-09-16,0.8084965,0.49263704,0.45334885,3.0514784,0.588329,-0.5521679,0.33144397,0.6221222
2019-09-17,0.8106092,0.48867,0.45186892,3.0459435,0.588346,-0.5556678,0.33138093,0.6229975
2019-09-18,0.8126506,0.48499775,0.45046872,3.0392203,0.58832103,-0.5589043,0.33138755,0.6238763
2019-09-19,0.8146097,0.4816753,0.44916216,3.0311868,0.58825016,-0.56183136,0.33147436,0.6247584
2019-09-20,0.8164755,0.4787577,0.44796312,3.0217216,0.58812934,-0.564403,0.33165193,0.625644
2019-09-21,0.81823695,0.47629994,0.44688553,3.0107028,0.5879544,-0.56657314,0.33193076,0.6265329
2019-09-22,0.81988317,0.47435707,0.44594327,2.9980087,0.58772135,-0.5682959,0.33232147,0.6274252
2019-09-23,0.8214592,0.4728194,0.44525057,2.98384,0.58735263,-0.56970763,0.3330437,0.6284416
2019-09-24,0.8229998,0.47150987,0.44487187,2.96848,0.5867752,-0.57097256,0.3342403,0.6296703
2019-09-25,0.82447875,0.47038242,0.4447464,2.9519308,0.5859917,-0.5720866,0.33580664,0.6310623
2019-09-26,0.82586986,0.46939084,0.44481337,2.9341943,0.5850049,-0.5730455,0.33763814,0.63256866
2019-09-27,0.8271468,0.4684891,0.44501197,2.9152722,0.5838175,-0.57384497,0.3396302,0.63414025
2019-09-28,0.8282833,0.46763104,0.44528148,2.8951669,0.5824321,-0.57448095,0.34167808,0.63572824
2019-09-29,0.82925314,0.4667706,0.44556105,2.87388,0.58085155,-0.57494915,0.34367728,0.63728356
2019-09-30,0.83002996,0.4658616,0.44578993,2.8514132,0.57907844,-0.5752454,0.34552312,0.63875717
2019-10-01,0.83058757,0.46485794,0.44590735,2.8277693,0.57711554,-0.5753655,0.347111,0.6401002
2019-10-02,0.8308997,0.4637135,0.44585255,2.8029494,0.57496554,-0.57530516,0.34833628,0.64126354
2019-10-03,0.83094007,0.46238223,0.4455647,2.776956,0.5726311,-0.57506025,0.34909433,0.64219826
2019-10-04,0.83068234,0.46081793,0.44498304,2.749791,0.570115,-0.57462656,0.34928057,0.64285535
2019-10-05,0.83010036,0.45897454,0.44404677,2.721456,0.5674198,-0.5739999,0.34879032,0.64318585
2019-10-06,0.8291678,0.4568059,0.4426951,2.6919534,0.5645484,-0.573176,0.347519,0.64314073
2019-10-07,0.8278584,0.45426598,0.44086733,2.661285,0.56150335,-0.57215077,0.34536198,0.642671
2019-10-08,0.82595754,0.45152447,0.4386206,2.6275952,0.5579921,-0.5706321,0.34265038,0.64163154
2019-10-09,0.8233125,0.44878176,0.43607062,2.5893247,0.55376494,-0.5683788,0.33979115,0.6399401
2019-10-10,0.81999016,0.44603762,0.43324435,2.5469198,0.5488889,-0.5654625,0.33679345,0.63764215
2019-10-11,0.816057,0.4432918,0.43016866,2.5008266,0.54343104,-0.56195515,0.3336664,0.634783
2019-10-12,0.8115799,0.44054413,0.4268705,2.4514914,0.5374585,-0.5579284,0.3304192,0.63140815
2019-10-13,0.80662537,0.43779436,0.42337683,2.3993602,0.5310382,-0.553454,0.3270609,0.627563
2019-10-14,0.8012603,0.43504223,0.41971457,2.3448792,0.52423733,-0.54860383,0.3236007,0.6232929
2019-10-15,0.79555124,0.43228757,0.41591063,2.2884946,0.5171229,-0.54344964,0.3200477,0.6186433
2019-10-16,0.78956497,0.4295301,0.41199192,2.2306526,0.509762,-0.5380632,0.31641105,0.61365956
2019-10-17,0.7833682,0.42676967,0.40798545,2.1717992,0.50222164,-0.5325163,0.3126999,0.6083871
2019-10-18,0.7770275,0.424006,0.40391806,2.112381,0.49456888,-0.5268807,0.3089234,0.6028714
2019-10-19,0.7706097,0.42123887,0.39981672,2.0528438,0.48687083,-0.52122813,0.30509064,0.5971578
2019-10-20,0.76418144,0.41846806,0.39570835,1.9936339,0.47919452,-0.5156305,0.3012108,0.59129167
2019-10-21,0.7578094,0.41569334,0.39161992,1.9351974,0.471607,-0.5101595,0.297293,0.5853185
2019-10-22,0.7515604,0.41291448,0.38757828,1.8779805,0.46417537,-0.50488687,0.2933464,0.57928365
2019-10-23,0.745501,0.41013128,0.38361043,1.8224293,0.45696664,-0.49988446,0.2893801,0.57323253
2019-10-24,0.7396979,0.4073435,0.37974328,1.7689902,0.45004794,-0.49522403,0.28540328,0.5672105
2019-10-25,0.7342178,0.4045509,0.37600374,1.7181091,0.44348624,-0.49097735,0.28142506,0.5612631
2019-10-26,0.7291275,0.40175328,0.37241873,1.6702324,0.4373487,-0.4872162,0.27745458,0.5554356
2019-10-27,0.7244937,0.39895043,0.36901525,1.6258061,0.4317023,-0.48401237,0.27350098,0.5497734
2019-10-28,0.7203829,0.39614207,0.36582014,1.5852765,0.42661414,-0.4814376,0.2695734,0.544322
2019-10-29,0.716862,0.393328,0.36286038,1.5490897,0.42215127,-0.4795637,0.26568094,0.5391268
2019-10-30,0.71366674,0.39051142,0.3600264,1.5157545,0.4180605,-0.47815663,0.26181102,0.5340774
2019-10-31,0.7104891,0.38769558,0.35719106,1.4834765,0.41404405,-0.4769333,0.25794473,0.5290329
2019-11-01,0.7073301,0.38488042,0.35435486,1.4522479,0.41010207,-0.47589225,0.25408182,0.52399296
2019-11-02,0.70419073,0.38206595,0.35151836,1.4220601,0.40623477,-0.47503185,0.25022206,0.5189572
2019-11-03,0.701072,0.37925205,0.34868214,1.3929051,0.4024423,-0.47435054,0.24636514,0.5139254
2019-11-04,0.69797486,0.3764387,0.34584668,1.3647746,0.39872482,-0.47384676,0.24251087,0.50889707
2019-11-05,0.69490033,0.3736259,0.3430126,1.3376603,0.39508253,-0.47351897,0.23865896,0.503872
2019-11-06,0.69184947,0.37081352,0.34018037,1.3115541,0.39151558,-0.47336555,0.23480919,0.49884972
2019-11-07,0.6888232,0.36800155,0.33735058,1.2864476,0.38802415,-0.47338495,0.23096128,0.49382994
2019-11-08,0.6858226,0.36518997,0.33452377,1.2623329,0.3846084,-0.4735756,0.22711499,0.48881233
2019-11-09,0.6828486,0.3623787,0.33170044,1.2392014,0.38126853,-0.47393593,0.22327009,0.48379654
2019-11-10,0.67990214,0.35956764,0.3288812,1.2170452,0.37800467,-0.4744644,0.21942629,0.4787822
2019-11-11,0.67698437,0.35675684,0.32606655,1.1958559,0.37481704,-0.47515938,0.21558337,0.47376898
2019-11-12,0.67409617,0.35394618,0.32325706,1.1756252,0.37170577,-0.47601935,0.21174105,0.46875656
2019-11-13,0.67123854,0.35113567,0.32045326,1.156345,0.36867106,-0.47704273,0.20789911,0.46374452
2019-11-14,0.66841257,0.34832522,0.31765568,1.138007,0.3657131,-0.47822794,0.20405728,0.4587326
2019-11-15,0.66561913,0.34551477,0.31486487,1.1206031,0.362832,-0.47957346,0.20021531,0.45372042
2019-11-16,0.6628593,0.3427043,0.3120814,1.104125,0.36002797,-0.48107764,0.19637296,0.4487076
2019-11-17,0.66013414,0.33989376,0.30930576,1.0885645,0.35730118,-0.48273897,0.19252996,0.44369385
2019-11-18,0.6574445,0.3370831,0.30653855,1.0739133,0.3546518,-0.48455587,0.18868607,0.4386788
2019-11-19,0.6547914,0.33427227,0.3037803,1.0601633,0.35208002,-0.48652676,0.18484104,0.43366212
2019-11-20,0.65217596,0.3314612,0.30103153,1.0473061,0.34958598,-0.48865008,0.18099461,0.42864344
2019-11-21,0.6495991,0.32864985,0.29829282,1.0353336,0.34716988,-0.49092427,0.17714655,0.4236224
2019-11-22,0.64706177,0.3258382,0.29556465,1.0242376,0.34483185,-0.49334773,0.17329659,0.4185987
2019-11-23,0.64456505,0.32302618,0.29284763,1.0140098,0.34257212,-0.4959189,0.16944447,0.413572
2019-11-24,0.6421099,0.32021374,0.2901423,1.004642,0.34039083,-0.49863625,0.16558997,0.40854192
2019-11-25,0.63969725,0.31740084,0.28744915,0.99612606,0.33828813,-0.50149816,0.16173281,0.40350813
2019-11-26,0.6373282,0.3145874,0.2847688,0.9884536,0.33626422,-0.50450313,0.15787275,0.39847025
2019-11-27,0.63500375,0.31177345,0.2821017,0.9816165,0.3343193,-0.5076495,0.15400955,0.393428
2019-11-28,0.6327248,0.30895886,0.27944845,0.9756065,0.3324535,-0.5109358,0.15014294,0.38838097
2019-11-29,0.6304925,0.3061436,0.2768096,0.97041535,0.330667,-0.5143603,0.14627266,0.38332886
2019-11-30,0.6283077,0.30332765,0.2741857,0.96603495,0.32895994,-0.5179216,0.14239849,0.3782713
2019-12-01,0.6261714,0.30051094,0.27157727,0.9624569,0.32733256,-0.5216181,0.13852017,0.37320796
2019-12-02,0.6240847,0.29769343,0.26898485,0.9596731,0.32578498,-0.5254482,0.13463743,0.3681385
2019-12-03,0.62204856,0.29487506,0.26640898,0.9576753,0.3243174,-0.5294103,0.13075003,0.36306256
2019-12-04,0.62006396,0.2920558,0.26385024,0.9564552,0.32292998,-0.5335029,0.12685773,0.3579798
2019-12-05,0.6181319,0.28923553,0.26130912,0.9560047,0.3216229,-0.5377243,0.12296026,0.35288987
2019-12-06,0.6162533,0.28641433,0.25878623,0.95631546,0.3203963,-0.54207313,0.11905738,0.34779242
2019-12-07,0.61442935,0.28359205,0.25628206,0.95737934,0.3192504,-0.5465477,0.115148835,0.3426871
2019-12-08,0.6126609,0.2807687,0.25379717,0.95918804,0.31818536,-0.55114645,0.111234374,0.33757362
2019-12-09,0.6109489,0.27794418,0.2513321,0.96173346,0.31720135,-0.5558678,0.10731375,0.33245155
2019-12-10,0.6092945,0.27511844,0.2488874,0.96500725,0.3162985,-0.5607102,0.10338671,0.3273206
2019-12-11,0.6076986,0.2722915,0.24646361,0.96900123,0.31547704,-0.5656721,0.099452995,0.32218042
2019-12-12,0.6061622,0.26946327,0.24406129,0.9737072,0.3147371,-0.5707519,0.09551237,0.31703067
2019-12-13,0.6046863,0.2666337,0.24168096,0.97911686,0.31407887,-0.57594806,0.09156456,0.31187096
2019-12-14,0.603272,0.2638027,0.23932318,0.9852221,0.31350252,-0.581259,0.087609336,0.30670097
2019-12-15,0.6019202,0.2609703,0.23698848,0.9920146,0.31300825,-0.58668315,0.08364644,0.3015204
2019-12-16,0.60063183,0.25813642,0.23467742,0.99948615,0.31259617,-0.59221894,0.079675615,0.29632884
2019-12-17,0.59940803,0.255301,0.23239052,1.0076286,0.31226653,-0.59786475,0.07569661,0.29112598
2019-12-18,0.5982497,0.252464,0.23012835,1.0164336,0.3120194,-0.6036191,0.071709186,0.28591147
2019-12-19,0.59715784,0.24962536,0.22789143,1.0258931,0.31185508,-0.6094804,0.067713074,0.28068495
2019-12-20,0.59613353,0.24678503,0.22568034,1.0359987,0.31177363,-0.61544704,0.063708045,0.2754461
2019-12-21,0.5951777,0.24394299,0.22349557,1.0467422,0.31177527,-0.6215175,0.059693824,0.27019453
2019-12-22,0.5951777,0.24394299,0.22349557,1.0467422,0.31177527,-0.6215175,0.059693824,0.27019453
2019-12-23,0.5951777,0.24394299,0.22349557,1.0467422,0.31177527,-0.6215175,0.059693824,0.27019453
2019-12-24,0.5951777,0.24394299,0.22349557,1.0467422,0.31177527,-0.6215175,0.059693824,0.27019453
2019-12-25,0.5951777,0.24394299,0.22349557,1.0467422,0.31177527,-0.6215175,0.059693824,0.27019453
2019-12-26,0.5951777,0.24394299,0.22349557,1.0467422,0.31177527,-0.6215175,0.059693824,0.27019453
2019-12-27,0.5951777,0.24394299,0.22349557,1.0467422,0.31177527,-0.6215175,0.059693824,0.27019453
2019-12-28,0.5951777,0.24394299,0.22349557,1.0467422,0.31177527,-0.6215175,0.059693824,0.27019453
2019-12-29,0.5951777,0.24394299,0.22349557,1.0467422,0.31177527,-0.6215175,0.059693824,0.27019453
2019-12-30,0.5951777,0.24394299,0.22349557,1.0467422,0.31177527,-0.6215175,0.059693824,0.27019453
2019-12-31,0.5951777,0.24394299,0.22349557,1.0467422,0.31177527,-0.6215175,0.059693824,0.27019453
