features,site,L,epoch,unit1,unit2,dropout,mse,rmse,mae,test_r2
col2,Torgnon,3,50,32,32,0.1,1.069318253582172,1.0340784562025127,0.6182189858944,0.8779850312447216
col2,Torgnon,3,100,32,32,0.1,1.1601474908448617,1.0771014301563533,0.6231396320250991,0.8676209263493391
col2,Torgnon,3,150,32,32,0.1,1.0617149281638445,1.0303955202561026,0.6087531013934988,0.8788526116028101
col2,Torgnon,3,50,32,32,0.2,1.1615190920221272,1.0777379514622871,0.6405777383469311,0.8674644192718362
col2,Torgnon,3,100,32,32,0.2,1.5346553408423838,1.2388120684116635,0.6980761277603303,0.8248875647304048
col2,Torgnon,3,150,32,32,0.2,1.087588793202154,1.0428752529435887,0.6176703829954048,0.8759002643257934
col2,Torgnon,3,50,32,32,0.3,1.3779763941019065,1.1738723925972134,0.6632137529031756,0.8427654759388852
col2,Torgnon,3,100,32,32,0.3,1.1437693845753103,1.069471544537446,0.6092297114196311,0.8694897564362243
col2,Torgnon,3,150,32,32,0.3,1.2902672797816852,1.1358993264289248,0.6232420921618326,0.8527735580112563
col2,Torgnon,5,50,32,32,0.1,1.0132882137639145,1.0066221802463498,0.5625756747130913,0.8846210970839247
col2,Torgnon,5,100,32,32,0.1,1.188902731499099,1.0903681632820628,0.6336541726516242,0.8646246043613298
col2,Torgnon,5,150,32,32,0.1,1.3908979709427027,1.1793633752761288,0.651306070503095,0.8416242488803344
col2,Torgnon,5,50,32,32,0.2,1.0170373562176898,1.0084827000091225,0.6081486094872576,0.8841941978687587
col2,Torgnon,5,100,32,32,0.2,1.180590609493176,1.0865498651664247,0.6048815617650043,0.8655710710278921
col2,Torgnon,5,150,32,32,0.2,1.6061280561314986,1.2673310759748213,0.6855059041980506,0.8171168967111295
col2,Torgnon,5,50,32,32,0.3,1.3132715233225514,1.1459805946535706,0.6931015171745891,0.8504632487246294
col2,Torgnon,5,100,32,32,0.3,1.3377074406387621,1.1565930315537796,0.6665122625977491,0.8476808327314348
col2,Torgnon,5,150,32,32,0.3,1.473350011913877,1.2138163007283584,0.6425040127475614,0.8322357788466132
col2,Torgnon,7,50,32,32,0.1,1.1222213947069595,1.0593495148943806,0.6053131543904359,0.8722173300829446
col2,Torgnon,7,100,32,32,0.1,1.3766067291299742,1.1732888515322961,0.6782124074655216,0.8432515329829846
col2,Torgnon,7,150,32,32,0.1,1.4382323556123358,1.1992632553415183,0.6629424803020341,0.8362344799091714
col2,Torgnon,7,50,32,32,0.2,1.2096940639600213,1.0998609293724464,0.6269592934103646,0.8622571820456257
col2,Torgnon,7,100,32,32,0.2,1.2174682772701582,1.1033894495010175,0.6349021652346456,0.861371964798869
col2,Torgnon,7,150,32,32,0.2,1.638757488038166,1.2801396361484032,0.7197797656757473,0.8134015193831118
col2,Torgnon,7,50,32,32,0.3,0.9886077055163723,0.9942875366393629,0.5817587645569645,0.8874313636263874
col2,Torgnon,7,100,32,32,0.3,1.4389639441079445,1.199568232368607,0.6775358372930785,0.8361511769783145
col2,Torgnon,7,150,32,32,0.3,1.19516986680639,1.0932382479617102,0.6369166562569888,0.8639109918013891
col2,Torgnon,14,50,32,32,0.1,1.8150468342030512,1.3472367402216476,0.7669720738363514,0.7937434058637305
col2,Torgnon,14,100,32,32,0.1,1.4017656837624908,1.1839618590826695,0.6878886730672634,0.8407074626055595
col2,Torgnon,14,150,32,32,0.1,1.8131344893509937,1.346526824593923,0.7867583261087048,0.7939607191189957
col2,Torgnon,14,50,32,32,0.2,1.4021496372801638,1.1841239957370022,0.6953761821287249,0.8406638312549135
col2,Torgnon,14,100,32,32,0.2,2.2217537344706133,1.4905548411482932,0.8416134750415352,0.7475264276127316
col2,Torgnon,14,150,32,32,0.2,1.6848034774337002,1.2979997987032588,0.7510978073135957,0.8085438785952876
col2,Torgnon,14,50,32,32,0.3,1.5511962481763821,1.245470291968613,0.7494925006011485,0.8237266119216693
col2,Torgnon,14,100,32,32,0.3,1.8072298375932188,1.3443324877400005,0.7761231289365711,0.7946317064115379
col2,Torgnon,14,150,32,32,0.3,1.4004288742270012,1.1833971751812666,0.679061055616419,0.8408593737169441
col2,Torgnon,3,50,32,64,0.1,1.2033342907704478,1.096965947862762,0.6463238896446241,0.8626930800080759
col2,Torgnon,3,100,32,64,0.1,1.2665721520688151,1.1254208777469943,0.6271418177775325,0.855477299631539
col2,Torgnon,3,150,32,64,0.1,0.9976610901496559,0.9988298604615582,0.5955733035868948,0.8861614993149344
col2,Torgnon,3,50,32,64,0.2,1.645100474313735,1.2826147022055123,0.7595653736580861,0.8122851804874205
col2,Torgnon,3,100,32,64,0.2,1.3110717423824017,1.145020411338768,0.645865593308801,0.8503996568404
col2,Torgnon,3,150,32,64,0.2,1.2143735656925654,1.1019861912440487,0.6322864613412094,0.8614334393162698
col2,Torgnon,3,50,32,64,0.3,1.2138212126078936,1.1017355456768623,0.6353168625963184,0.8614964657764863
col2,Torgnon,3,100,32,64,0.3,1.146988868321185,1.070975661871541,0.6149849205493304,0.8691223960106962
col2,Torgnon,3,150,32,64,0.3,1.1711693953706526,1.082205800839495,0.5958236207900193,0.8663632677132568
col2,Torgnon,5,50,32,64,0.1,1.1904691856123943,1.091086241143382,0.600187195228435,0.8644462387644489
col2,Torgnon,5,100,32,64,0.1,1.269324887565005,1.1266431944342472,0.6573323928603686,0.8554672688560028
col2,Torgnon,5,150,32,64,0.1,1.3262541016954514,1.1516310614495648,0.6721406859890062,0.8489849766700053
col2,Torgnon,5,50,32,64,0.2,1.4402424360367563,1.2001010107639924,0.6814305093276245,0.8360056004344155
col2,Torgnon,5,100,32,64,0.2,1.058573468032233,1.028869995690531,0.599492645880215,0.8794646540455262
col2,Torgnon,5,150,32,64,0.2,1.4450047774182821,1.202083515159526,0.6323857912643671,0.8354633324829595
col2,Torgnon,5,50,32,64,0.3,1.186084882778035,1.0890752420186747,0.6385579388958723,0.8649454610431737
col2,Torgnon,5,100,32,64,0.3,0.9328211330910908,0.965826657890064,0.5630656734238964,0.8937835479668803
col2,Torgnon,5,150,32,64,0.3,0.9846679047655581,0.9923043407974985,0.5658292175509616,0.8878799723066841
col2,Torgnon,7,50,32,64,0.1,1.1266481386993643,1.0614368274651884,0.6213087810059111,0.8717132752065568
col2,Torgnon,7,100,32,64,0.1,1.870449879558841,1.3676439154834277,0.7843995652782061,0.7870196730490285
col2,Torgnon,7,150,32,64,0.1,1.526003763580157,1.235315248663335,0.7141621445591259,0.8262403157403124
col2,Torgnon,7,50,32,64,0.2,0.9983955124605951,0.9991974341743453,0.5907382502921639,0.8863168668703422
col2,Torgnon,7,100,32,64,0.2,1.3723289513694517,1.17146444733481,0.6508850629358882,0.8437386256958215
col2,Torgnon,7,150,32,64,0.2,1.964789813285448,1.4017096037644345,0.7233978134301428,0.7762775782464858
col2,Torgnon,7,50,32,64,0.3,1.1411281176327528,1.0682359840563098,0.6183675695293648,0.8700645003951175
col2,Torgnon,7,100,32,64,0.3,1.3215982827945658,1.1496078821905171,0.6931263030840472,0.8495151153508498
col2,Torgnon,7,150,32,64,0.3,1.527433576329199,1.235893836997822,0.7205554638943041,0.8260775089257073
col2,Torgnon,14,50,32,64,0.1,1.3951607999907816,1.1811692512044079,0.7208958068252118,0.8414580222086216
col2,Torgnon,14,100,32,64,0.1,2.246877368862315,1.4989587615616098,0.8723961407522677,0.7446714515513384
col2,Torgnon,14,150,32,64,0.1,1.6594010635915846,1.2881774192989042,0.7392812776264746,0.8114305343350637
col2,Torgnon,14,50,32,64,0.2,1.7156321976624753,1.309821437319788,0.7387935576597728,0.8050405933267513
col2,Torgnon,14,100,32,64,0.2,1.3069413680837914,1.1432153638242408,0.6560059617341096,0.851483019480806
col2,Torgnon,14,150,32,64,0.2,2.334739104922969,1.52798530913192,0.873934620383358,0.7346871017851091
col2,Torgnon,14,50,32,64,0.3,1.3123761280828836,1.1455898603264973,0.6537155868679122,0.8508654293083446
col2,Torgnon,14,100,32,64,0.3,1.5930352317938534,1.2621549951546576,0.7093656351128372,0.8189721526424674
col2,Torgnon,14,150,32,64,0.3,1.864389065180402,1.365426330923936,0.78536235289247,0.788136299580469
col2,Torgnon,3,50,32,128,0.1,1.0095758943481814,1.004776539509249,0.5676167836702232,0.8848019560198132
col2,Torgnon,3,100,32,128,0.1,1.1842793269489618,1.0882459864152783,0.6131692104425566,0.8648673539508642
col2,Torgnon,3,150,32,128,0.1,1.2532687279908408,1.119494853936739,0.6404090261465721,0.8569952919296921
col2,Torgnon,3,50,32,128,0.2,1.5930734157952204,1.2621701215744336,0.7337089601221162,0.8182217479202684
col2,Torgnon,3,100,32,128,0.2,1.2503143897836742,1.1181745792959497,0.6783304125824522,0.8573323978220047
col2,Torgnon,3,150,32,128,0.2,1.1275357237978756,1.061854850625958,0.6055475113180365,0.871342104514925
col2,Torgnon,3,50,32,128,0.3,1.2565505891186186,1.1209596732793818,0.646283002612426,0.8566208139091183
col2,Torgnon,3,100,32,128,0.3,1.276252585906491,1.1297134972666703,0.6140871522432145,0.8543727100219586
col2,Torgnon,3,150,32,128,0.3,1.1417225588928337,1.0685141828224993,0.6064180375794591,0.8697233102644305
col2,Torgnon,5,50,32,128,0.1,1.1172020392321313,1.0569777855906581,0.6082418938664589,0.8727888631573107
col2,Torgnon,5,100,32,128,0.1,1.1592994353246955,1.0767076833220313,0.6130929670351952,0.8679954082342131
col2,Torgnon,5,150,32,128,0.1,1.265644933243329,1.125008859184375,0.6200252260705887,0.8558862899071202
col2,Torgnon,5,50,32,128,0.2,1.3098971374979969,1.144507377651187,0.6594822293240202,0.8508474759653731
col2,Torgnon,5,100,32,128,0.2,1.3413116827241622,1.1581501123447522,0.6518531299736174,0.8472704327168992
col2,Torgnon,5,150,32,128,0.2,1.4021403078225347,1.1841200563382646,0.6732267712701749,0.8403441308667341
col2,Torgnon,5,50,32,128,0.3,1.3368231468142637,1.1562106844404543,0.6516287340925335,0.8477815235812247
col2,Torgnon,5,100,32,128,0.3,1.5352360397373928,1.2390464235602283,0.7093810509394372,0.8251890749581037
col2,Torgnon,5,150,32,128,0.3,1.6138884127652473,1.2703890792844716,0.7344751093084437,0.8162332572663229
col2,Torgnon,7,50,32,128,0.1,1.4643257155438947,1.2100932672913665,0.7095409429579064,0.8332633378378408
col2,Torgnon,7,100,32,128,0.1,1.690330480051459,1.3001271014987184,0.7614184760298514,0.8075291178711175
col2,Torgnon,7,150,32,128,0.1,1.9918421700829423,1.4113263868017711,0.7755682805447015,0.7731972392015906
col2,Torgnon,7,50,32,128,0.2,1.303946168993893,1.1419046234225925,0.6937410126429068,0.8515250879300293
col2,Torgnon,7,100,32,128,0.2,1.6906017296446927,1.3002314138816569,0.7239656718335471,0.8074982318112002
col2,Torgnon,7,150,32,128,0.2,1.706281633802278,1.306247156476246,0.7222141498233895,0.8057128265188488
col2,Torgnon,7,50,32,128,0.3,1.0499717407753333,1.0246812874134734,0.6104452956090101,0.8804440968541994
col2,Torgnon,7,100,32,128,0.3,1.2016354296442364,1.096191328940453,0.6321900454291107,0.8631747851260991
col2,Torgnon,7,150,32,128,0.3,1.7300574513308342,1.3153164833342712,0.752279897834581,0.8030055733354847
col2,Torgnon,14,50,32,128,0.1,1.4737477297534018,1.2139801191755168,0.7154471464510254,0.8325276342037405
col2,Torgnon,14,100,32,128,0.1,2.418734043147021,1.5552279714392423,0.8761839176302726,0.7251421635739769
col2,Torgnon,14,150,32,128,0.1,1.9612729767220523,1.4004545607487777,0.7685659404696121,0.7771266962773375
col2,Torgnon,14,50,32,128,0.2,1.2183604452506558,1.103793660631667,0.6678302805375038,0.8615490955206743
col2,Torgnon,14,100,32,128,0.2,1.872217527171755,1.3682900011224794,0.7744863483834336,0.7872466961403625
col2,Torgnon,14,150,32,128,0.2,2.128732368267483,1.4590176038237108,0.8498371359830064,0.7580971026021649
col2,Torgnon,14,50,32,128,0.3,2.0563879126423106,1.4340111270985,0.829879359745487,0.7663181141709613
col2,Torgnon,14,100,32,128,0.3,2.453054280959416,1.5662229346294914,0.8895678394857811,0.7212421124966505
col2,Torgnon,14,150,32,128,0.3,2.074223821365378,1.4402165883523832,0.7992487163954917,0.7642912938613021
col2,Torgnon,3,50,64,32,0.1,1.002844658575821,1.0014213192137569,0.5979338515887198,0.8855700262549351
col2,Torgnon,3,100,64,32,0.1,0.9961211683347105,0.9980586998442078,0.5716147215987212,0.8863372126832479
col2,Torgnon,3,150,64,32,0.1,1.1261307806935839,1.0611930930295315,0.6017763881003381,0.8715024160857776
col2,Torgnon,3,50,64,32,0.2,0.9904832287258671,0.9952302390531887,0.5581003981037592,0.8869805319410206
col2,Torgnon,3,100,64,32,0.2,1.1338599500869615,1.0648286012720365,0.6187036922197945,0.8706204762527316
col2,Torgnon,3,150,64,32,0.2,1.148412587148289,1.0716401388284638,0.6302569320081884,0.868959942028803
col2,Torgnon,3,50,64,32,0.3,0.9893883260115379,0.9946800118689115,0.5983610106054444,0.8871054662344654
col2,Torgnon,3,100,64,32,0.3,1.25085834677825,1.1184177872236518,0.6183919135880038,0.8572703294008635
col2,Torgnon,3,150,64,32,0.3,1.1484930898777468,1.07167769869385,0.6090208244142657,0.8689507562340346
col2,Torgnon,5,50,64,32,0.1,0.9868178763628768,0.9933870727782181,0.5953684952952135,0.8876351640074955
col2,Torgnon,5,100,64,32,0.1,1.5487089782007144,1.2444713649581152,0.6783097454914336,0.8236549676450623
col2,Torgnon,5,150,64,32,0.1,1.6542611060563894,1.2861808216795916,0.7058043911403387,0.8116361870582366
col2,Torgnon,5,50,64,32,0.2,1.298057328193183,1.139323188648938,0.6444156807249468,0.8521956256722079
col2,Torgnon,5,100,64,32,0.2,1.1894788578430826,1.0906323201900274,0.6253006411019885,0.8645590032573133
col2,Torgnon,5,150,64,32,0.2,1.5673609675513311,1.2519428771119436,0.7018412914976633,0.8215311434070575
col2,Torgnon,5,50,64,32,0.3,0.9984236844627842,0.9992115313900176,0.5836134014665036,0.886313659041946
col2,Torgnon,5,100,64,32,0.3,1.146916895198949,1.070942059683412,0.6264176453191039,0.8694053564361328
col2,Torgnon,5,150,64,32,0.3,1.286463199508588,1.1342236108936314,0.6417003526960752,0.8535158007514456
col2,Torgnon,7,50,64,32,0.1,1.3974621936047973,1.1821430512441367,0.7152824547067619,0.8408768082223245
col2,Torgnon,7,100,64,32,0.1,1.5724407374979628,1.2539699906688209,0.7371418991390332,0.8209527311887496
col2,Torgnon,7,150,64,32,0.1,1.5696978319914676,1.252875824649621,0.7253751556283317,0.8212650543993061
col2,Torgnon,7,50,64,32,0.2,1.2798162164676967,1.1312896253690727,0.6591248135931096,0.8542726649886314
col2,Torgnon,7,100,64,32,0.2,1.3753070653404202,1.1727348657477614,0.6686533492084173,0.8433995202783677
col2,Torgnon,7,150,64,32,0.2,1.5711363627530763,1.2534497846954527,0.7042655299328374,0.8211012549009691
col2,Torgnon,7,50,64,32,0.3,1.3649364045997334,1.168304927918963,0.6837552215511431,0.8445803841653863
col2,Torgnon,7,100,64,32,0.3,1.1643832959194964,1.0790659367802768,0.6221945891983505,0.8674165302308584
col2,Torgnon,7,150,64,32,0.3,1.2215930982763155,1.1052570281506087,0.6242145470561326,0.8609022886337355
col2,Torgnon,14,50,64,32,0.1,1.5662124878011765,1.2514841140826265,0.7483073422333214,0.8220202105311486
col2,Torgnon,14,100,64,32,0.1,1.7751914154946298,1.3323630944658553,0.7693196854897214,0.7982724586494583
col2,Torgnon,14,150,64,32,0.1,1.8881321665640196,1.3740932161116362,0.7789726329281212,0.7854382032375351
col2,Torgnon,14,50,64,32,0.2,1.537426103877419,1.2399298786130686,0.7621659379045623,0.8252914106972976
col2,Torgnon,14,100,64,32,0.2,1.8115593444369285,1.3459418057393597,0.8014515857756972,0.7941397139631639
col2,Torgnon,14,150,64,32,0.2,1.5320247643734795,1.2377498795691637,0.6967579614073499,0.8259052030627962
col2,Torgnon,14,50,64,32,0.3,1.6390802708189285,1.2802657032112235,0.7706162806388652,0.8137397295736964
col2,Torgnon,14,100,64,32,0.3,1.8180946306790757,1.3483673945475971,0.790136130683172,0.7933970632190563
col2,Torgnon,14,150,64,32,0.3,1.8474541917652854,1.359210870970831,0.7894735480358117,0.790060728882738
col2,Torgnon,3,50,64,64,0.1,0.9669598220481692,0.9833411524227842,0.5764549110344176,0.8896646792668349
col2,Torgnon,3,100,64,64,0.1,1.0573542423077469,1.0282773178028128,0.5926402564157167,0.8793501893320792
col2,Torgnon,3,150,64,64,0.1,1.1700051137330565,1.0816677464605555,0.6339043694697133,0.8664961185153055
col2,Torgnon,3,50,64,64,0.2,1.0688494808476585,1.0338517692820661,0.5846145259023191,0.8780385207370812
col2,Torgnon,3,100,64,64,0.2,1.1976430667250806,1.0943687983148462,0.6277038779502745,0.86334247930688
col2,Torgnon,3,150,64,64,0.2,1.1274170277834936,1.0617989582701113,0.6236302950938061,0.8713556483690934
col2,Torgnon,3,50,64,64,0.3,1.0723698901110466,1.0355529393087766,0.5764815151501588,0.877636823090156
col2,Torgnon,3,100,64,64,0.3,1.1268558034722962,1.0615346454413517,0.6054206698996094,0.8714196870840093
col2,Torgnon,3,150,64,64,0.3,1.1842880692435833,1.0882500030983613,0.6325967169582991,0.864866356407989
col2,Torgnon,5,50,64,64,0.1,1.0555597887649286,1.0274043939778186,0.6033313455781861,0.8798078091349464
col2,Torgnon,5,100,64,64,0.1,1.3416912107247612,1.1583139517094496,0.6538028435588346,0.8472272174463176
col2,Torgnon,5,150,64,64,0.1,1.2300522589881595,1.1090772105620779,0.6189259405318542,0.8599390792829646
col2,Torgnon,5,50,64,64,0.2,1.3713801920814424,1.1710594314898977,0.646709996617695,0.8438466569590841
col2,Torgnon,5,100,64,64,0.2,1.2760380161253035,1.1296185268157137,0.6353050427196312,0.8547028729043864
col2,Torgnon,5,150,64,64,0.2,1.4109919140623863,1.187851806439838,0.6370580603146132,0.839336235380409
col2,Torgnon,5,50,64,64,0.3,1.4610428919455936,1.2087360720792582,0.6592656928329,0.8336371392697473
col2,Torgnon,5,100,64,64,0.3,1.5420827530676056,1.2418062461864192,0.7077354286000879,0.8244094682658611
col2,Torgnon,5,150,64,64,0.3,2.0283380147093295,1.4241973229539961,0.751715837262478,0.7690416095823072
col2,Torgnon,7,50,64,64,0.1,1.2866502640047734,1.1343060715718547,0.6437564260162522,0.8534945004974297
col2,Torgnon,7,100,64,64,0.1,1.3883070534085882,1.1782644242310756,0.6782253542264978,0.8419192658543517
col2,Torgnon,7,150,64,64,0.1,2.0341898644010183,1.4262502811221522,0.8248208833745235,0.768375283863439
col2,Torgnon,7,50,64,64,0.2,1.1900028429320113,1.090872514518544,0.6291716609588661,0.8644993392605512
col2,Torgnon,7,100,64,64,0.2,1.3877604137546504,1.1780324332354566,0.6740192486663747,0.8419815094319489
col2,Torgnon,7,150,64,64,0.2,1.9408860553702978,1.393156866749146,0.7269232801066554,0.7789993994680875
col2,Torgnon,7,50,64,64,0.3,1.6505087565884669,1.2847212758370847,0.7069758445071064,0.8120634514427284
col2,Torgnon,7,100,64,64,0.3,1.5012844619320538,1.2252691385699934,0.6820230124093685,0.8290549995255067
col2,Torgnon,7,150,64,64,0.3,2.1919175270770572,1.4805125893004278,0.7931379141755555,0.7504154927281221
col2,Torgnon,14,50,64,64,0.1,1.3153568236070698,1.1468900660512626,0.6723761915964147,0.8505267118188613
col2,Torgnon,14,100,64,64,0.1,1.7407139731951788,1.3193611989122536,0.7437278337414847,0.8021903739832171
col2,Torgnon,14,150,64,64,0.1,1.9864727105032653,1.409422828856999,0.7859255334147994,0.7742630725047114
col2,Torgnon,14,50,64,64,0.2,1.4836444473434416,1.2180494437187028,0.7209553488841648,0.8314030002688007
col2,Torgnon,14,100,64,64,0.2,2.1666100971638294,1.4719409285578784,0.7959945256276544,0.7537927886811372
col2,Torgnon,14,150,64,64,0.2,2.120849412273838,1.456313638016838,0.7466049063055223,0.7589928985807238
col2,Torgnon,14,50,64,64,0.3,1.623531758765932,1.2741788566625691,0.7495373476216165,0.8155066168404627
col2,Torgnon,14,100,64,64,0.3,1.357284159528969,1.1650253900791043,0.6995847098636189,0.845762212443144
col2,Torgnon,14,150,64,64,0.3,1.814659830434102,1.3470931038477265,0.7026929366917665,0.7937873838359774
col2,Torgnon,3,50,64,128,0.1,1.1030804156128098,1.0502763520201766,0.595793439614012,0.8741325868190524
col2,Torgnon,3,100,64,128,0.1,1.1808787644637506,1.0866824579718541,0.5981845109439589,0.8652553764352775
col2,Torgnon,3,150,64,128,0.1,1.0257493839100027,1.0127928632795566,0.600940898879171,0.882956473800709
col2,Torgnon,3,50,64,128,0.2,1.1982397167721952,1.094641364453306,0.6164968946758872,0.8632743983248032
col2,Torgnon,3,100,64,128,0.2,1.1414359877852145,1.0683800764639964,0.6444965254553829,0.8697560095703903
col2,Torgnon,3,150,64,128,0.2,1.1907680584858975,1.0912231937078214,0.6257409423578248,0.8641269547543776
col2,Torgnon,3,50,64,128,0.3,1.4177857511252139,1.1907080881245469,0.6923853341511689,0.8382230140131725
col2,Torgnon,3,100,64,128,0.3,1.0529066281532775,1.026112385732322,0.575417393449385,0.8798576860481178
col2,Torgnon,3,150,64,128,0.3,1.6339918920561218,1.278276923071101,0.6643069836255371,0.8135527295192804
col2,Torgnon,5,50,64,128,0.1,1.3029696270876086,1.1414769498713535,0.6220751152403065,0.8516362826841657
col2,Torgnon,5,100,64,128,0.1,1.7943044549688623,1.3395165004466583,0.7447914403852471,0.795690034977582
col2,Torgnon,5,150,64,128,0.1,1.514273324899866,1.230558135522197,0.6588381382209684,0.8275760118702702
col2,Torgnon,5,50,64,128,0.2,1.1978532369760835,1.0944648176054284,0.6626268246019058,0.8636054476313381
col2,Torgnon,5,100,64,128,0.2,1.2995431898311163,1.1399750829869555,0.6308900333346714,0.8520264368043803
col2,Torgnon,5,150,64,128,0.2,1.8807870946985445,1.3714179139483866,0.7091006998906496,0.785842617473107
col2,Torgnon,5,50,64,128,0.3,1.8382706251492444,1.3558283907446562,0.7993309442306528,0.7906837905429498
col2,Torgnon,5,100,64,128,0.3,1.3932263724623266,1.180350105884829,0.6309753519033995,0.8413591235100466
col2,Torgnon,5,150,64,128,0.3,1.6492542598695334,1.2842329461081168,0.68727373065603,0.8122062957521521
col2,Torgnon,7,50,64,128,0.1,1.4696959016602331,1.2123101507701044,0.7220243891662639,0.8326518571414881
col2,Torgnon,7,100,64,128,0.1,1.652302338226954,1.2854191293998054,0.6942817617415926,0.8118592237818042
col2,Torgnon,7,150,64,128,0.1,1.6354185319354055,1.2788348337199005,0.7113358760065116,0.8137817123891968
col2,Torgnon,7,50,64,128,0.2,1.1966572847280317,1.0939183172102165,0.6289975229911,0.8637416257260261
col2,Torgnon,7,100,64,128,0.2,1.4059962398829726,1.185747123075984,0.6723100870639904,0.8399050719644306
col2,Torgnon,7,150,64,128,0.2,1.8851016528528837,1.3729900410610718,0.7273514476222124,0.7853513367302213
col2,Torgnon,7,50,64,128,0.3,1.184475351010817,1.0883360469132763,0.6196248412407828,0.8651287317128487
col2,Torgnon,7,100,64,128,0.3,1.8508629556125775,1.360464242680629,0.7625531819626936,0.7892499543902334
col2,Torgnon,7,150,64,128,0.3,2.1406131861127493,1.4630834515203668,0.8540002694230535,0.7562573040655955
col2,Torgnon,14,50,64,128,0.1,1.293783022297738,1.1374458326873145,0.6666539400248939,0.8529782952693727
col2,Torgnon,14,100,64,128,0.1,3.0492025843958235,1.7461966053099014,0.9555750421069876,0.6534975692981838
col2,Torgnon,14,150,64,128,0.1,1.993129368434331,1.411782337484901,0.7768968786474586,0.773506629438164
col2,Torgnon,14,50,64,128,0.2,1.9744389111429572,1.405147291618554,0.7964122750118495,0.7756305581385827
col2,Torgnon,14,100,64,128,0.2,2.069182328201639,1.4384652683334551,0.8116002510917538,0.7648641943450358
col2,Torgnon,14,150,64,128,0.2,1.884858096877906,1.3729013427329386,0.7737746362371111,0.7858102589055748
col2,Torgnon,14,50,64,128,0.3,1.4493440773458048,1.2038870700135478,0.6959623174967118,0.8353007936259802
col2,Torgnon,14,100,64,128,0.3,2.194567071218517,1.4814071254110117,0.7928820116594202,0.7506158402177617
col2,Torgnon,14,150,64,128,0.3,2.0741723897039885,1.4401987327115617,0.7882725900236547,0.7642971384043238
col2,Torgnon,3,50,128,32,0.1,1.2045200398299793,1.0975062823646977,0.6314065606020759,0.8625577796576277
col2,Torgnon,3,100,128,32,0.1,0.8776843508502302,0.9368480937965504,0.5355144684082912,0.8998514910904789
col2,Torgnon,3,150,128,32,0.1,1.1510750408290047,1.0728816527599885,0.6073008765462172,0.8686561417321406
col2,Torgnon,3,50,128,32,0.2,1.1190690961081413,1.0578606222504652,0.5944646799416021,0.8723081923092415
col2,Torgnon,3,100,128,32,0.2,1.1047290081338599,1.0510608964916637,0.6314400414829167,0.8739444735382099
col2,Torgnon,3,150,128,32,0.2,1.1989333563482236,1.0949581527840337,0.6257153936962256,0.8631952503153935
col2,Torgnon,3,50,128,32,0.3,1.3455392142864633,1.159973798965504,0.6530655718012786,0.8464667327615683
col2,Torgnon,3,100,128,32,0.3,1.4375714174615144,1.198987663598552,0.6977141187634067,0.8359653629801533
col2,Torgnon,3,150,128,32,0.3,1.1490906815612232,1.0719564737251337,0.6398881539592982,0.8688825678061802
col2,Torgnon,5,50,128,32,0.1,1.1346520651123573,1.0652004811829354,0.604611456111335,0.8708019014868115
col2,Torgnon,5,100,128,32,0.1,1.2228703911733974,1.105834703368183,0.631697096531236,0.8607568486185789
col2,Torgnon,5,150,128,32,0.1,1.455692095226138,1.206520656775564,0.672166808831011,0.8342464121763417
col2,Torgnon,5,50,128,32,0.2,1.1759030841904536,1.0843906510987882,0.6567166461811594,0.8661048199844801
col2,Torgnon,5,100,128,32,0.2,1.3072271351899751,1.1433403409265217,0.6348060486921201,0.8511514979927671
col2,Torgnon,5,150,128,32,0.2,1.1893178119626922,1.0905584862641216,0.6312317212485038,0.8645773408800609
col2,Torgnon,5,50,128,32,0.3,1.1515703262151584,1.0731124480757637,0.6138398718172069,0.8688754896537575
col2,Torgnon,5,100,128,32,0.3,1.190370240238972,1.0910408976014474,0.6336493797474375,0.8644575052614623
col2,Torgnon,5,150,128,32,0.3,1.4803116324233645,1.2166805794551685,0.6974291661636268,0.8314430881530945
col2,Torgnon,7,50,128,32,0.1,1.366699885451244,1.1690594020199503,0.722091182291009,0.8443795839555377
col2,Torgnon,7,100,128,32,0.1,1.5611591659045696,1.2494635512509238,0.6941547698129018,0.822237316695552
col2,Torgnon,7,150,128,32,0.1,1.7145561218953012,1.3094106009557511,0.7115258138576411,0.8047706450689938
col2,Torgnon,7,50,128,32,0.2,1.58020177746597,1.2570607692017002,0.6879987743649154,0.8200690139355209
col2,Torgnon,7,100,128,32,0.2,1.3935931715040077,1.1805054728818531,0.6411949021541077,0.84131735763293
col2,Torgnon,7,150,128,32,0.2,1.8776625357171501,1.3702782694464473,0.7343445024894071,0.7861983979731393
col2,Torgnon,7,50,128,32,0.3,1.1326087676250163,1.0642409349508297,0.6083462972784895,0.8710345632499883
col2,Torgnon,7,100,128,32,0.3,1.2776733276610512,1.1303421285880888,0.6352296514739108,0.8545166667999853
col2,Torgnon,7,150,128,32,0.3,1.4873778384512522,1.219581009384474,0.6889267961659845,0.8306384887427766
col2,Torgnon,14,50,128,32,0.1,1.4402542598874741,1.2001059369436826,0.6984066505011709,0.8363337337986225
col2,Torgnon,14,100,128,32,0.1,1.324091331500311,1.150691675254632,0.6574738869079381,0.8495341479821781
col2,Torgnon,14,150,128,32,0.1,2.2815294627632388,1.5104732578775564,0.8174157637600862,0.7407336893222811
col2,Torgnon,14,50,128,32,0.2,1.3827341242730102,1.1758971571838288,0.6843547266817833,0.8428701531584595
col2,Torgnon,14,100,128,32,0.2,1.9944375750296692,1.4122455788670996,0.7631150723847516,0.7733579686809336
col2,Torgnon,14,150,128,32,0.2,1.7739386455431208,1.331892880656369,0.7567418724853694,0.7984148197492191
col2,Torgnon,14,50,128,32,0.3,1.4216544672006421,1.1923315257094573,0.7228509000497758,0.8384473596395288
col2,Torgnon,14,100,128,32,0.3,1.993651717961917,1.4119673218463369,0.7513935423863496,0.7734472711712155
col2,Torgnon,14,150,128,32,0.3,2.0034023495117124,1.4154159634226655,0.7972701057252406,0.7723392380250507
col2,Torgnon,3,50,128,64,0.1,1.2213609854473582,1.1051520191572552,0.6392788922885468,0.8606361371097424
col2,Torgnon,3,100,128,64,0.1,1.2183364391628395,1.1037827862232856,0.6333804755417615,0.8609812541216032
col2,Torgnon,3,150,128,64,0.1,1.4330653825986712,1.197107089026989,0.6755216029839645,0.8364795258134896
col2,Torgnon,3,50,128,64,0.2,1.0748071607927268,1.0367290681719727,0.5674836344673958,0.8773587173858186
col2,Torgnon,3,100,128,64,0.2,1.2630296112116315,1.1238459018974227,0.6446249656201885,0.8558815226124482
col2,Torgnon,3,150,128,64,0.2,1.2100266382593299,1.1000121082330547,0.638998730761949,0.8619294471354302
col2,Torgnon,3,50,128,64,0.3,1.639907584977657,1.2805887649740086,0.7983447986658047,0.8128777171134144
col2,Torgnon,3,100,128,64,0.3,1.1213000659861148,1.0589145697298317,0.6069427071116095,0.8720536266371013
col2,Torgnon,3,150,128,64,0.3,1.125287445976444,1.060795666458175,0.6144250945718083,0.8715986451165805
col2,Torgnon,5,50,128,64,0.1,1.0811255558497619,1.0397718768315298,0.6048985537211011,0.8768967418607115
col2,Torgnon,5,100,128,64,0.1,1.624996176437162,1.2747533786725815,0.7326480477771564,0.8149684625426619
col2,Torgnon,5,150,128,64,0.1,1.5533105028054672,1.246318780571595,0.7005055924569253,0.8231310112292805
col2,Torgnon,5,50,128,64,0.2,1.238218699100775,1.1127527573997626,0.6228793031250968,0.8590092008060173
col2,Torgnon,5,100,128,64,0.2,1.3204246274459446,1.149097309824518,0.6032324526714002,0.8496487545905904
col2,Torgnon,5,150,128,64,0.2,1.3936597821063508,1.180533685290831,0.6655254621840427,0.841309772961445
col2,Torgnon,5,50,128,64,0.3,1.1406563405670083,1.0680151406075704,0.589605999955382,0.8701182196820165
col2,Torgnon,5,100,128,64,0.3,1.3490112474578153,1.1614694345775163,0.6362489250811553,0.8463937153922199
col2,Torgnon,5,150,128,64,0.3,1.5081697165536383,1.228075615161232,0.6585687844641547,0.8282710042971546
col2,Torgnon,7,50,128,64,0.1,1.5120371744532595,1.2296492078854275,0.7027626146339259,0.8278306329956127
col2,Torgnon,7,100,128,64,0.1,1.572451045458057,1.2539741007923795,0.7093993465633719,0.8209515574643237
col2,Torgnon,7,150,128,64,0.1,1.7218990783163381,1.3122115219416184,0.7224680435431178,0.8039345332456136
col2,Torgnon,7,50,128,64,0.2,1.4080802114138724,1.186625556531576,0.686504382457244,0.8396677788175476
col2,Torgnon,7,100,128,64,0.2,1.7932278884890296,1.3391145912464062,0.7737130877428982,0.795812619112749
col2,Torgnon,7,150,128,64,0.2,1.5705390484975221,1.2532114939217252,0.707225986620672,0.8211692685841105
col2,Torgnon,7,50,128,64,0.3,1.4647901194789392,1.2102851397414327,0.6838116449554764,0.8332104580985844
col2,Torgnon,7,100,128,64,0.3,1.4246935862543635,1.1936052891363893,0.6566859142870575,0.8377760831116347
col2,Torgnon,7,150,128,64,0.3,2.006900047659069,1.4166509971263455,0.7530708800356075,0.7714826614818671
col2,Torgnon,14,50,128,64,0.1,1.7462816869308961,1.3214695179726608,0.7228977463824647,0.8015576753384139
col2,Torgnon,14,100,128,64,0.1,2.206876921648005,1.4855560984520257,0.8329286240780481,0.7492169849507417
col2,Torgnon,14,150,128,64,0.1,2.4261238646565535,1.5576019596342814,0.8388595129041685,0.7243024059505873
col2,Torgnon,14,50,128,64,0.2,1.5211204112659893,1.233337103660629,0.7201015129505922,0.8271443417400071
col2,Torgnon,14,100,128,64,0.2,1.8841959990850095,1.3726601906826792,0.7537516518716288,0.7858854977551596
col2,Torgnon,14,150,128,64,0.2,1.627739384227299,1.275828900843408,0.6740990104573438,0.815028474634593
col2,Torgnon,14,50,128,64,0.3,1.3246318782034032,1.1509265303238965,0.6683820736972745,0.8494727218416233
col2,Torgnon,14,100,128,64,0.3,2.0446985032207183,1.4299295448450313,0.8014912259224142,0.7676464643431599
col2,Torgnon,14,150,128,64,0.3,1.854101704553847,1.3616540326212996,0.7818524664402544,0.7893053250433391
col2,Torgnon,3,50,128,128,0.1,1.0247534461821606,1.0123010649911224,0.5813568873581202,0.8830701156564781
col2,Torgnon,3,100,128,128,0.1,1.0966664760883482,1.0472184471677093,0.6079668948714956,0.8748644518443185
col2,Torgnon,3,150,128,128,0.1,1.2765092584419953,1.1298270922765108,0.6479484833141498,0.8543434223040178
col2,Torgnon,3,50,128,128,0.2,1.232294062463028,1.1100874120820523,0.6397261513768389,0.8593886141707137
col2,Torgnon,3,100,128,128,0.2,1.2012545313152874,1.0960175780138233,0.6259656765942821,0.8629303917570241
col2,Torgnon,3,150,128,128,0.2,1.3525546935682744,1.162993849325212,0.6281723675932787,0.8456662288119668
col2,Torgnon,3,50,128,128,0.3,1.0833811451907327,1.0408559675530196,0.5952312470933451,0.8763803796131991
col2,Torgnon,3,100,128,128,0.3,1.1259586062315998,1.0611119668685298,0.6139580014161381,0.871522062118686
col2,Torgnon,3,150,128,128,0.3,1.12858324713844,1.0623479877791646,0.6270625352644614,0.8712225764630647
col2,Torgnon,5,50,128,128,0.1,1.3917783827486185,1.1797365734555398,0.6607657792501676,0.8415240000598101
col2,Torgnon,5,100,128,128,0.1,1.4665356972444974,1.211006068211261,0.7307432401552559,0.8330116964384673
col2,Torgnon,5,150,128,128,0.1,1.7381737242171356,1.3183981660398105,0.6998990417380317,0.8020814071913722
col2,Torgnon,5,50,128,128,0.2,1.1137280264878158,1.0553331353121704,0.6065560755183259,0.873184434499907
col2,Torgnon,5,100,128,128,0.2,1.6690393172095674,1.2919130455296004,0.6874609299863657,0.8099534537877269
col2,Torgnon,5,150,128,128,0.2,1.835293936965151,1.3547302081835892,0.7125277726729199,0.7910227336119984
col2,Torgnon,5,50,128,128,0.3,1.1504205753497287,1.0725766058187773,0.6195854080322238,0.8690064069896923
col2,Torgnon,5,100,128,128,0.3,1.4733965573662382,1.2138354737633261,0.6826151902241813,0.8322304789100736
col2,Torgnon,5,150,128,128,0.3,1.844942330370704,1.3582865420708194,0.7386909521630908,0.7899241112941682
col2,Torgnon,7,50,128,128,0.1,1.657153834505564,1.2873048724003044,0.7671822630722431,0.8113068041340435
col2,Torgnon,7,100,128,128,0.1,1.9332059169865994,1.3903977549559692,0.7501447411847644,0.7798739047953164
col2,Torgnon,7,150,128,128,0.1,1.6923554919828976,1.300905642997561,0.7537445526086144,0.8072985382079301
col2,Torgnon,7,50,128,128,0.2,1.4772151850216235,1.2154074152405125,0.6420234112959086,0.8317956677047931
col2,Torgnon,7,100,128,128,0.2,1.7760340104690995,1.332679260163187,0.7343713455087306,0.797770414294678
col2,Torgnon,7,150,128,128,0.2,1.792793500668359,1.338952389246294,0.7338051117229188,0.7958620810422458
col2,Torgnon,7,50,128,128,0.3,1.3560044900628896,1.1644760581750444,0.6727420911325385,0.8455974240225589
col2,Torgnon,7,100,128,128,0.3,1.4538203130106346,1.205744713034494,0.6748818320210749,0.83445954421083
col2,Torgnon,7,150,128,128,0.3,1.7583469703323116,1.3260267607904117,0.7264128031671528,0.7997843637900884
col2,Torgnon,14,50,128,128,0.1,1.6640051666257676,1.2899632423545129,0.7442449749307258,0.8109073375816863
col2,Torgnon,14,100,128,128,0.1,2.4134741400347814,1.5535360118242452,0.8744189782184345,0.7257398835231117
col2,Torgnon,14,150,128,128,0.1,2.5009623745676786,1.581443130361531,0.8760754668655022,0.7157979773740764
col2,Torgnon,14,50,128,128,0.2,1.5940009002658557,1.262537484697328,0.7285138915351239,0.8188624169120461
col2,Torgnon,14,100,128,128,0.2,2.1754862880219523,1.4749529782409851,0.8122420104177744,0.7527841244082378
col2,Torgnon,14,150,128,128,0.2,2.2490789826974154,1.499692962808526,0.8149580097183791,0.7444212666179945
col2,Torgnon,14,50,128,128,0.3,1.6962405670770562,1.3023980064009066,0.7345077665492441,0.8072442013019986
col2,Torgnon,14,100,128,128,0.3,2.458692917509852,1.5680219760927625,0.8461744412486013,0.7206013543913777
col2,Torgnon,14,150,128,128,0.3,2.3537723809202133,1.5342008932731768,0.8507062159113435,0.7325242161733057
col2,Hohes Holz,3,50,32,32,0.1,5.336957552379052,2.3101856099411258,1.5245164709698915,0.8196965441992484
col2,Hohes Holz,3,100,32,32,0.1,5.892920948614054,2.4275339232674082,1.5865552360482553,0.8009139099631548
col2,Hohes Holz,3,150,32,32,0.1,6.025449359037097,2.4546790745507034,1.6932153215853625,0.7964365780457587
col2,Hohes Holz,3,50,32,32,0.2,6.202823113391445,2.4905467498907634,1.6541917104895494,0.7904441937023257
col2,Hohes Holz,3,100,32,32,0.2,5.682607643852267,2.383822066315409,1.5153642980329889,0.8080191221139472
col2,Hohes Holz,3,150,32,32,0.2,5.333082613010781,2.309346793578388,1.4400144079385626,0.8198274549198717
col2,Hohes Holz,3,50,32,32,0.3,4.725788187588559,2.17388780473799,1.4246861179540027,0.8403442535860608
col2,Hohes Holz,3,100,32,32,0.3,4.910644753983985,2.2159974625400602,1.3946217725158279,0.8340990703667004
col2,Hohes Holz,3,150,32,32,0.3,5.677903702807471,2.3828352235955115,1.5608743741306097,0.8081780397777913
col2,Hohes Holz,5,50,32,32,0.1,5.63588303636396,2.3740014819633033,1.5419129997917302,0.810064774883475
col2,Hohes Holz,5,100,32,32,0.1,6.168169812624023,2.483580039504268,1.5572684431445014,0.7921261469837856
col2,Hohes Holz,5,150,32,32,0.1,6.056054962061505,2.46090531350995,1.5428884849891578,0.7959045361453598
col2,Hohes Holz,5,50,32,32,0.2,6.420576238072802,2.533885600825894,1.65445694820215,0.7836197832198206
col2,Hohes Holz,5,100,32,32,0.2,4.501133001187443,2.1215873776932788,1.3549021182132839,0.8483070524452333
col2,Hohes Holz,5,150,32,32,0.2,7.227098569587639,2.6883263510198385,1.7629866665636642,0.7564391267708881
col2,Hohes Holz,5,50,32,32,0.3,5.862073961648084,2.4211720223164823,1.6690401411670766,0.8024419012297888
col2,Hohes Holz,5,100,32,32,0.3,5.701390626195808,2.387758494110283,1.428095037612552,0.8078570997523068
col2,Hohes Holz,5,150,32,32,0.3,6.957117142128558,2.6376347628374477,1.7406919224278075,0.7655377867095097
col2,Hohes Holz,7,50,32,32,0.1,6.900914770510801,2.6269592251328913,1.7933770185930786,0.7674318661352935
col2,Hohes Holz,7,100,32,32,0.1,5.438432376052371,2.3320446771132777,1.5808213194531617,0.8167190711798514
col2,Hohes Holz,7,150,32,32,0.1,6.92808806481274,2.63212614910698,1.71644211012103,0.7665160973485576
col2,Hohes Holz,7,50,32,32,0.2,5.356429546772581,2.314396151650054,1.4747645034892534,0.8194826533441644
col2,Hohes Holz,7,100,32,32,0.2,7.7784909815825936,2.788994618421232,1.9444955433244453,0.7378566187195195
col2,Hohes Holz,7,150,32,32,0.2,6.46869985583063,2.543363885846976,1.6045749261510267,0.7819979663522101
col2,Hohes Holz,7,50,32,32,0.3,6.339509952211279,2.517838349102515,1.7034761594864165,0.7863518028794058
col2,Hohes Holz,7,100,32,32,0.3,6.8976495248174,2.62633766389956,1.6857828015812972,0.7675419083721241
col2,Hohes Holz,7,150,32,32,0.3,8.160649939351982,2.8566851312932586,1.887791931448518,0.7249774572454633
col2,Hohes Holz,14,50,32,32,0.1,5.404413650460449,2.324739480126848,1.483924467619104,0.8182611299490496
col2,Hohes Holz,14,100,32,32,0.1,8.066543611208418,2.8401661238752247,1.8489064905380064,0.7287393941444825
col2,Hohes Holz,14,150,32,32,0.1,6.765690430190668,2.601094083302384,1.6636528904373273,0.7724843038628953
col2,Hohes Holz,14,50,32,32,0.2,6.431479933658994,2.5360362642633865,1.6401839881630635,0.7837230879248183
col2,Hohes Holz,14,100,32,32,0.2,5.973305537749898,2.444034684236273,1.6086272700072275,0.7991305127416994
col2,Hohes Holz,14,150,32,32,0.2,5.677013352318679,2.3826483904090168,1.571184968830053,0.8090941851154099
col2,Hohes Holz,14,50,32,32,0.3,5.5589036109859675,2.3577327267919848,1.586621488716725,0.8130659630584229
col2,Hohes Holz,14,100,32,32,0.3,6.357987350668005,2.5215049773236626,1.6158758530361126,0.7861944862769356
col2,Hohes Holz,14,150,32,32,0.3,8.394984002083088,2.8974098781641318,1.9435688996435123,0.7176946463925096
col2,Hohes Holz,3,50,32,64,0.1,5.922310671907807,2.433579805945925,1.6722489839989245,0.7999210093033904
col2,Hohes Holz,3,100,32,64,0.1,5.999891404896141,2.449467575800125,1.5998911727266498,0.7973000264448858
col2,Hohes Holz,3,150,32,64,0.1,6.036211097589087,2.456870183300104,1.6064394087939524,0.7960730041120513
col2,Hohes Holz,3,50,32,64,0.2,5.172538323705211,2.2743215084295385,1.4446649130109408,0.8252512736193415
col2,Hohes Holz,3,100,32,64,0.2,6.856621076545309,2.618515051808049,1.7858702682459024,0.768356322289598
col2,Hohes Holz,3,150,32,64,0.2,5.575622850843001,2.3612756829398385,1.5257072376928424,0.8116334899833525
col2,Hohes Holz,3,50,32,64,0.3,5.071678608895018,2.252038767182976,1.496237650782429,0.8286587122119998
col2,Hohes Holz,3,100,32,64,0.3,5.800257287921118,2.408372331663258,1.5918727798034218,0.8040444535521022
col2,Hohes Holz,3,150,32,64,0.3,6.5023118345883,2.549963104554319,1.6346226222575275,0.7803262845986512
col2,Hohes Holz,5,50,32,64,0.1,7.133034163039614,2.6707740756266927,1.7373946239459106,0.7596091968589072
col2,Hohes Holz,5,100,32,64,0.1,8.036745378986467,2.834915409493988,1.8409030241850255,0.7291531721093352
col2,Hohes Holz,5,150,32,64,0.1,7.100226361246588,2.664624994487327,1.7524632618746063,0.7607148545134275
col2,Hohes Holz,5,50,32,64,0.2,5.918652553151811,2.432828097739709,1.5664646949077559,0.8005351427955383
col2,Hohes Holz,5,100,32,64,0.2,5.241715539127691,2.289479316160705,1.4708021103065705,0.8233486368511798
col2,Hohes Holz,5,150,32,64,0.2,6.6732224968937945,2.5832581165833575,1.700059354739634,0.775105336817297
col2,Hohes Holz,5,50,32,64,0.3,4.825813185107423,2.1967733577015682,1.3696816646344765,0.8373649865035133
col2,Hohes Holz,5,100,32,64,0.3,5.898820425149144,2.428748736520339,1.5757740769852657,0.8012035065057895
col2,Hohes Holz,5,150,32,64,0.3,5.399924235993529,2.3237737058486414,1.3871443615202195,0.8180168362689605
col2,Hohes Holz,7,50,32,64,0.1,5.430787472956381,2.3304050019162723,1.4873455841874377,0.816976712507956
col2,Hohes Holz,7,100,32,64,0.1,6.362846298308528,2.5224682948073953,1.682337207322455,0.7855653433094006
col2,Hohes Holz,7,150,32,64,0.1,7.5899183083322885,2.7549806366528764,1.7642085084793184,0.7442117174526772
col2,Hohes Holz,7,50,32,64,0.2,5.4543787668823915,2.335461146515264,1.5569660735760975,0.8161816609262047
col2,Hohes Holz,7,100,32,64,0.2,7.168040116027008,2.6773195767459304,1.7361195443451118,0.7584294591819222
col2,Hohes Holz,7,150,32,64,0.2,6.706367000493054,2.5896654225001834,1.759240561017434,0.7739883319554356
col2,Hohes Holz,7,50,32,64,0.3,6.322362483649896,2.5144308468617496,1.6898849708539798,0.7869296907241978
col2,Hohes Holz,7,100,32,64,0.3,5.649069149551451,2.3767770508719264,1.536362790471053,0.8096203889087273
col2,Hohes Holz,7,150,32,64,0.3,6.0256262008895405,2.4547150956657964,1.6450300091421632,0.7969300176122254
col2,Hohes Holz,14,50,32,64,0.1,6.444219340568969,2.538546698520429,1.7399117509433943,0.7832946889223213
col2,Hohes Holz,14,100,32,64,0.1,6.56939124432629,2.56308237174038,1.6576129229218268,0.7790854255642059
col2,Hohes Holz,14,150,32,64,0.1,6.968940405675298,2.6398750738766594,1.7365689359265561,0.7656494419756464
col2,Hohes Holz,14,50,32,64,0.2,7.304924451240865,2.7027623741721847,1.8026385371894966,0.7543510172536545
col2,Hohes Holz,14,100,32,64,0.2,5.8563389105689945,2.4199873781838193,1.533363696830167,0.8030638502011141
col2,Hohes Holz,14,150,32,64,0.2,7.008169130421212,2.647294681447687,1.7731190794969574,0.764330263879748
col2,Hohes Holz,14,50,32,64,0.3,6.895344744873542,2.6258988451335177,1.731436989201885,0.7681243066140377
col2,Hohes Holz,14,100,32,64,0.3,4.666693349119277,2.1602530752481934,1.353330680663674,0.8430690855665788
col2,Hohes Holz,14,150,32,64,0.3,6.556467813237088,2.560560058510069,1.6124563301009547,0.7795200129061894
col2,Hohes Holz,3,50,32,128,0.1,7.934654946708247,2.8168519568319965,1.9103013548841477,0.7319360902841945
col2,Hohes Holz,3,100,32,128,0.1,5.694099844588135,2.3862313057598032,1.5549357552346434,0.8076308702893642
col2,Hohes Holz,3,150,32,128,0.1,5.650191947743553,2.3770132409693376,1.5257777882325507,0.8091142520589067
col2,Hohes Holz,3,50,32,128,0.2,5.413400279503762,2.326671502276108,1.5677933034781129,0.8171140076630014
col2,Hohes Holz,3,100,32,128,0.2,6.156139833833875,2.4811569546955057,1.5545530696233254,0.7920213388359966
col2,Hohes Holz,3,150,32,128,0.2,6.8651741891165665,2.620147741849029,1.7046767051485463,0.7680673644443623
col2,Hohes Holz,3,50,32,128,0.3,7.230081367053166,2.6888810622735186,1.8163748945014266,0.755739362097943
col2,Hohes Holz,3,100,32,128,0.3,7.158094568835868,2.67546156183113,1.8141799795073896,0.7581713597976107
col2,Hohes Holz,3,150,32,128,0.3,5.1106571302843795,2.2606762550804085,1.5081421745455497,0.8273418641689847
col2,Hohes Holz,5,50,32,128,0.1,6.149448943079182,2.479808247239932,1.6198541747687458,0.7927570601075027
col2,Hohes Holz,5,100,32,128,0.1,6.519819558443386,2.553393733532568,1.6223415939945363,0.7802751782529902
col2,Hohes Holz,5,150,32,128,0.1,6.966998251572453,2.6395071986210707,1.6801901670384605,0.7652047828599766
col2,Hohes Holz,5,50,32,128,0.2,5.678591652196805,2.382979574439698,1.5319612293091032,0.8086254493136774
col2,Hohes Holz,5,100,32,128,0.2,7.460090569864985,2.7313166366909907,1.8067995376583859,0.7485870496895337
col2,Hohes Holz,5,150,32,128,0.2,6.8300296245298355,2.6134325368239057,1.6051056629717517,0.7698207706019835
col2,Hohes Holz,5,50,32,128,0.3,5.20602620307052,2.2816718000340277,1.4776505283947268,0.8245514052611238
col2,Hohes Holz,5,100,32,128,0.3,6.972117490190681,2.6404767543363605,1.7047428025751443,0.7650322590987302
col2,Hohes Holz,5,150,32,128,0.3,10.103126614796887,3.178541586136146,2.1008034649585596,0.6595139367547586
col2,Hohes Holz,7,50,32,128,0.1,6.2601001630843935,2.502019217169283,1.585990069583247,0.7890279968452766
col2,Hohes Holz,7,100,32,128,0.1,5.666463855720949,2.3804335436472384,1.4827549449060933,0.8090341688947877
col2,Hohes Holz,7,150,32,128,0.1,9.458994930698317,3.075547907397691,2.064937471643177,0.6812218564604307
col2,Hohes Holz,7,50,32,128,0.2,6.5314582946921,2.55567178931335,1.6616752763556055,0.7798829405193097
col2,Hohes Holz,7,100,32,128,0.2,5.9260442852350925,2.434346788203171,1.5599640497407374,0.8002860335985978
col2,Hohes Holz,7,150,32,128,0.2,7.987315717401008,2.8261839496750754,1.8775503334389612,0.7308190040366642
col2,Hohes Holz,7,50,32,128,0.3,4.870240742886135,2.206862193904761,1.4062876409314375,0.8358677307702713
col2,Hohes Holz,7,100,32,128,0.3,5.8520225128666405,2.4190953914359477,1.5320470520507092,0.802780645695338
col2,Hohes Holz,7,150,32,128,0.3,6.9420015132984165,2.6347678291072283,1.6810466363403511,0.7660471994042207
col2,Hohes Holz,14,50,32,128,0.1,7.6907053089423645,2.7732120923114345,1.792428841660831,0.7413780322638798
col2,Hohes Holz,14,100,32,128,0.1,5.967281438388668,2.442801964627642,1.6315186061450087,0.7993330903165843
col2,Hohes Holz,14,150,32,128,0.1,8.176757269320078,2.8595029759243262,1.8864247222133452,0.7250331445890497
col2,Hohes Holz,14,50,32,128,0.2,6.061377590616211,2.4619865130857663,1.615433666467026,0.7961688380057866
col2,Hohes Holz,14,100,32,128,0.2,9.538034618976832,3.0883708681077846,2.0988212631055223,0.6792562993374851
col2,Hohes Holz,14,150,32,128,0.2,5.783257621491392,2.4048404565566077,1.5703291148754304,0.805521417618756
col2,Hohes Holz,14,50,32,128,0.3,4.8597287337679544,2.2044792432154936,1.4645858705235997,0.8365777185182937
col2,Hohes Holz,14,100,32,128,0.3,7.475235355103281,2.734087664121851,1.872308831411816,0.7486238258824547
col2,Hohes Holz,14,150,32,128,0.3,8.768407079982538,2.9611496213434636,1.9866389337688326,0.7051372271019614
col2,Hohes Holz,3,50,64,32,0.1,6.543336691113606,2.5579946620572933,1.6803781342855726,0.7789403032913902
col2,Hohes Holz,3,100,64,32,0.1,6.125128249561908,2.4748996443415456,1.6008189905115526,0.7930690323503659
col2,Hohes Holz,3,150,64,32,0.1,6.507619186246688,2.551003564530377,1.6078361479519598,0.7801469813466081
col2,Hohes Holz,3,50,64,32,0.2,5.091258537175407,2.2563817356944296,1.4210087974553898,0.8279972250821817
col2,Hohes Holz,3,100,64,32,0.2,5.433928057193759,2.3310787325171494,1.5111627739099354,0.8164204984452325
col2,Hohes Holz,3,150,64,32,0.2,6.412424935737226,2.53227663096614,1.6204337460871927,0.7833630182310625
col2,Hohes Holz,3,50,64,32,0.3,4.916988338375706,2.217428316400714,1.4050530451008123,0.8338847590897668
col2,Hohes Holz,3,100,64,32,0.3,6.528518064187027,2.555096488234256,1.683915932017293,0.7794409349001039
col2,Hohes Holz,3,150,64,32,0.3,5.40707960944535,2.325312798194116,1.4156873060032036,0.8173275448034645
col2,Hohes Holz,5,50,64,32,0.1,6.101716467556518,2.470165271304031,1.646966976147885,0.7943656950676801
col2,Hohes Holz,5,100,64,32,0.1,5.179790263223103,2.2759152583571964,1.3823827793721042,0.8254355842103516
col2,Hohes Holz,5,150,64,32,0.1,6.5666486062002365,2.562547288578347,1.5701039496461313,0.7786969897649927
col2,Hohes Holz,5,50,64,32,0.2,5.824277190950156,2.4133539298971787,1.6416816565400505,0.803715692418298
col2,Hohes Holz,5,100,64,32,0.2,6.41297223975687,2.532384694266823,1.650298230314973,0.7838760460135308
col2,Hohes Holz,5,150,64,32,0.2,5.477765997419668,2.3404627742007924,1.4713220016678434,0.8153934864966985
col2,Hohes Holz,5,50,64,32,0.3,5.171001423784005,2.2739836023560076,1.4231806547144932,0.8257317774043209
col2,Hohes Holz,5,100,64,32,0.3,6.511879790512369,2.551838511840506,1.7033934924874679,0.7805427568382128
col2,Hohes Holz,5,150,64,32,0.3,6.0903239579999955,2.4678581721808883,1.4947275826778437,0.7947496347011499
col2,Hohes Holz,7,50,64,32,0.1,7.577536615888515,2.752732572533793,1.8556462835403411,0.7446289935967096
col2,Hohes Holz,7,100,64,32,0.1,6.838896888547193,2.6151284650179605,1.6592196639932664,0.7695219344166976
col2,Hohes Holz,7,150,64,32,0.1,7.158903463601751,2.675612726760312,1.812247504738987,0.7587373740417597
col2,Hohes Holz,7,50,64,32,0.2,6.008425749385163,2.4512090382880776,1.5692319140933102,0.7975096910382903
col2,Hohes Holz,7,100,64,32,0.2,6.6497696935765065,2.578714736758703,1.670737212569275,0.7758957211189124
col2,Hohes Holz,7,150,64,32,0.2,6.188264817294896,2.487622322076825,1.555184836166473,0.7914489240515045
col2,Hohes Holz,7,50,64,32,0.3,6.440130138716044,2.5377411488794603,1.7088264643085782,0.7829607960661453
col2,Hohes Holz,7,100,64,32,0.3,5.241885132752439,2.2895163534581795,1.4361513058167965,0.8233429213664745
col2,Hohes Holz,7,150,64,32,0.3,6.527935819211757,2.5549825477313455,1.6696223585958863,0.7800016516722932
col2,Hohes Holz,14,50,64,32,0.1,7.2492053417103435,2.692434835183638,1.7610176089248888,0.7562247317139567
col2,Hohes Holz,14,100,64,32,0.1,8.782293797689055,2.9634935123413135,1.9833147963843534,0.7046702464916812
col2,Hohes Holz,14,150,64,32,0.1,6.0515653524862465,2.459992957812328,1.6573999578126086,0.796498802583953
col2,Hohes Holz,14,50,64,32,0.2,6.64542914477779,2.577872988488337,1.6942643286711252,0.776528433630784
col2,Hohes Holz,14,100,64,32,0.2,6.123169215162054,2.474503832117068,1.6101970733503155,0.7940909178557224
col2,Hohes Holz,14,150,64,32,0.2,7.0886406901500765,2.6624501291385867,1.7559139951270095,0.761624177469224
col2,Hohes Holz,14,50,64,32,0.3,5.536704076807404,2.3530202032297565,1.4488856022955645,0.8138124859040466
col2,Hohes Holz,14,100,64,32,0.3,6.004052906247777,2.450316899147491,1.6201932826359822,0.798096544513274
col2,Hohes Holz,14,150,64,32,0.3,8.12760892427677,2.850896161608972,1.7773794627335484,0.7266858982956953
col2,Hohes Holz,3,50,64,64,0.1,6.657330821098385,2.580180385379748,1.7634024131791404,0.7750891323994475
col2,Hohes Holz,3,100,64,64,0.1,8.22884923780322,2.8685970853020155,1.8718381836280724,0.7219970478914682
col2,Hohes Holz,3,150,64,64,0.1,6.536048879801862,2.556569748667511,1.572090485651194,0.7791865142743022
