date,NDVI,EVI,EVI2,MNDVI,MNDWI,LSWI,NDII,CLr
2017-03-30,0.8363382650604831,0.7269453705065495,0.6852274981210507,0.5884848572360419,-0.5591683784532717,0.3465757490210064,0.5642273423952407,3.3423100592389505
2017-04-09,0.8568545158373612,0.839302858559857,0.7964965640024989,0.6325181789744834,-0.48051127589601983,0.47193961180108024,0.6787399033568516,3.984514291989461
2017-04-19,0.8670767449059237,0.8530489496024731,0.811731158171697,0.6382493465869258,-0.45824721372083577,0.5059801356794755,0.7067119472871108,4.042209351468302
2017-05-09,0.7807233607929962,0.7229285058605558,0.6913189148671328,0.5422195791865796,-0.4587876470910405,0.4033064188511288,0.5994478293781993,3.1434402894529847
2017-05-26,0.5973080087231321,0.4823581407999299,0.4678873051182524,0.3567611012079055,-0.4622091037395289,0.1936073040181977,0.386416561113923,1.5006333201120745
2017-05-29,0.6091717185611208,0.48311666414937804,0.48479205713067514,0.3693721159213652,-0.47746408270150487,0.196076296011787,0.40250082203472487,1.513929409420733
2017-06-15,0.7788672235955095,0.6841903713835942,0.6858868857911204,0.5226146523333518,-0.4990856330625363,0.36058854443900956,0.5899733481606416,2.815938886026308
2017-06-18,0.7734313593129821,0.6939555954334634,0.6759858222442431,0.5061369590961573,-0.5220327741552818,0.3138256004257801,0.5437787737606129,2.787888492784061
2017-07-05,0.6117288001977108,0.5015994259084362,0.47200134416240463,0.3507569158132351,-0.5457356048143776,0.0947595964056531,0.315569213015593,1.4930590340119252
2017-07-18,0.5758405640627056,0.4356168024221816,0.40414518369745756,0.35185464324300547,-0.5370187803536294,0.06359981664830137,0.2973478368642831,1.3383650628633297
2017-07-25,0.5731972840857567,0.4555711280817458,0.4157687783231206,0.37467335356627574,-0.48936779732164,0.11885031875067971,0.354646090540283,1.5704616990967222
2017-08-27,0.4008497023547178,0.3447497840877247,0.2984846383593837,0.24350735808193374,-0.4332765890414353,0.014299621760575209,0.18634737630857917,0.9028851414431951
2017-10-06,0.20783751663837025,0.15787803234759606,0.1377198457721944,0.09745462146211745,-0.4115475661709866,-0.12143167911358384,-0.025577507484921803,0.16212485912033603
2017-10-13,0.15403976642323072,0.07989212233794366,0.08243210608952249,0.07758534581866915,-0.4078538661953489,-0.15462568471111854,-0.08882596244146447,0.1334251465028768
2017-10-16,0.19852643976387202,0.13004066899627015,0.12316864245741233,0.10794002352879419,-0.39420135659095623,-0.1072295934076391,-0.02941409134812763,0.276910843832011
2017-11-02,0.2490463065426053,0.19336060681611997,0.16553344272436762,0.12496300418395428,-0.36788557758943796,-0.05053602961376333,0.04707716432853497,0.30562367343378044
2017-11-05,0.32622267914169456,0.2086894649545548,0.18813683903206443,0.15484303912651529,-0.40223749572384265,-0.0006195317627670756,0.13478241924324807,0.3995170586551968
2017-11-22,0.39084760612469793,0.1969978987155416,0.19941797324263058,0.18370283979872942,-0.4885591382640883,0.0017800835152823047,0.18068031084070713,0.47564692253874585
2017-12-12,0.3462675254850927,0.17036223805119866,0.17552427245835,0.16383112880755624,-0.42898817994977717,0.04482721720711692,0.23203367577331724,0.40302503935739653
2017-12-17,0.2676219044907333,0.1535477714370982,0.14253878549511828,0.13491889747324834,-0.271297138058321,0.11319181385899761,0.26415710497704287,0.319555071721857
2017-12-27,0.2715477471164329,0.17263559572927753,0.1476753397106498,0.14961455906373541,-0.1901482913363695,0.15216114982309153,0.28934975552622666,0.3706151631607344
2018-02-18,0.3708792142793421,0.2359040808641138,0.20746780905605175,0.20420595729371618,-0.2591650902588027,0.1388503137801956,0.3195115183541354,0.5384904937904081
2018-02-20,0.3944504704366481,0.268714978932366,0.2373152498210299,0.21199151450666195,-0.31778396549839666,0.09917564389507368,0.28145759397537606,0.54746239051442
2018-02-25,0.4241670763150991,0.29841036964224793,0.27913376608009577,0.2294634047146792,-0.42718027378028844,0.04473814605043044,0.1862767207177533,0.607970186879931
2018-02-28,0.43137282409943617,0.3109990054895898,0.2918262400326082,0.24291514969528308,-0.4594669365793373,0.02549270690890352,0.15074891361631163,0.6628982459005648
2018-03-20,0.42705694343865364,0.31639833505519,0.2795360325327486,0.2472091935696481,-0.40309619867599983,0.050672221324281445,0.20333346425610418,0.6446270924026904
2018-03-25,0.4342231652146691,0.33116878494724583,0.2808534207121302,0.2631785339255254,-0.35274882606772734,0.09404401357077197,0.25070373555086956,0.7480882436976402
2018-04-11,0.5807960833839312,0.3943469062348902,0.368259664918198,0.3804313964608974,-0.4453780086158425,0.1749838209662481,0.3520489659770237,1.4125089720826016
2018-04-19,0.6820120577950184,0.4522953259884554,0.44320560008151966,0.47837297917486493,-0.5077093747662148,0.2449200300116184,0.4333682306628432,2.008376127458252
2018-04-21,0.6914826602432487,0.5030801969790668,0.48178759599951243,0.5036696893313466,-0.4888505543970318,0.2818651338961972,0.4670072715125276,2.1897314667622396
2018-04-26,0.6935171959672795,0.5485971212460408,0.5053609057279659,0.5135147427278348,-0.45865561452559,0.31612625181405873,0.48903513591012143,2.3812723201926485
2018-05-04,0.7482812054712241,0.5743501530705946,0.5327398013980247,0.5585397391184571,-0.47490703941324186,0.36224433299413406,0.5470646334755719,2.820506230014428
2018-05-06,0.7644164058994398,0.5770091643747308,0.5430676625552371,0.5816651323860121,-0.4846687913564216,0.3774837444472553,0.5643836711043646,3.03960980177283
2018-05-09,0.7526610466812844,0.5658531791937935,0.5302847997179592,0.5833504311594613,-0.46081684030471737,0.38683324607016356,0.575762400728997,3.0114562829557174
2018-05-11,0.7486053096596766,0.5504532815910499,0.5070624512415436,0.5817465201645399,-0.4402746723880738,0.39807817528194744,0.5851265264584622,3.0043709964243543
2018-05-16,0.7760718732126461,0.5684171423417853,0.5266005201495474,0.593732450679523,-0.46143052620734265,0.409643244070951,0.6004327167127681,3.226743816911229
2018-05-19,0.7547723112376088,0.5911610373634304,0.547187860955567,0.5700539809074049,-0.46062135064897614,0.38983981886284047,0.575544008234479,3.038362951556385
2018-05-21,0.685090891362606,0.5728735738985403,0.5190883548426756,0.5158327638959168,-0.427624372341598,0.34130024155619304,0.5220141968919252,2.483600757793147
2018-05-26,0.6727489917336631,0.5518099302972209,0.49170070983958336,0.5103772324416709,-0.4173484570111132,0.33621172792919896,0.5200399056739939,2.398321310788778
2018-06-03,0.735143669696033,0.570512294874534,0.5125826202291938,0.5546781199565229,-0.41872024342834707,0.3914032175020144,0.5890951749995315,2.8237580356112173
2018-06-15,0.6991444748033218,0.5612669346202289,0.4960930641427266,0.4971537022694489,-0.35011765173759907,0.38977953396956644,0.5822108646648309,2.2907771486769444
2018-06-25,0.5679492912303007,0.4663454488255479,0.4175514336706592,0.34519256750061045,-0.319168195570173,0.28941711239238493,0.4654952038852357,1.1781782728959445
2018-06-28,0.4689613942540443,0.3505105960319346,0.3376097733925534,0.2335154342759704,-0.36847655682333513,0.1952965986805916,0.37296427661869247,0.5914306658486584
2018-06-30,0.4086376430655355,0.27515359696257646,0.28356263451284713,0.18822147880868095,-0.4172502277206198,0.13568408786894984,0.3266744104505168,0.5413252351745665
2018-07-03,0.34587178906130006,0.2291927723948205,0.22903024654017026,0.1636309219118834,-0.40138562507824066,0.08622918801615484,0.28017193004141683,0.4328882414439393
2018-07-08,0.29915134880081,0.20573925246612706,0.19582421541631553,0.15040510969968712,-0.4062055868756209,0.009751133345084022,0.18914367774760657,0.37555733432244576
2018-07-13,0.27746259183804667,0.20597121837015808,0.1909674638059633,0.14539286695732845,-0.412487885537565,-0.02637203156198324,0.15127150880652537,0.363720639197729
2018-07-15,0.2552851836622254,0.19419657379509403,0.18295477021251497,0.13163724306279875,-0.41079313971758413,-0.028833553203744186,0.17548944781087294,0.32592254131669235
2018-07-18,0.23935058525702324,0.1586836451809377,0.15411552539326495,0.1224298792955531,-0.40586552486029115,-0.029533245774460374,0.19447871857826937,0.3003320821495105
2018-07-23,0.20842017411667743,0.14008038766580486,0.13664198792282772,0.10152623171482936,-0.42894829810910595,-0.09254974006690234,0.07927699498172938,0.24462499209853697
2018-08-02,0.17046533864133012,0.1280123620953507,0.12483739946582723,0.07941391422593289,-0.4254773374709996,-0.1273398608573675,-0.03826364651042811,0.19003891652311655
2018-08-04,0.15371558076722708,0.12022813074633161,0.11837368355765446,0.07534922602921602,-0.41410811743707965,-0.12677110968731847,-0.0712169667221377,0.17744110217855738
2018-08-07,0.17523865808324401,0.12641608906654653,0.12275889705477763,0.09297597835760182,-0.40928670213264384,-0.11008426232997898,-0.040361351500159515,0.2132687092264009
2018-08-22,0.21329700711736987,0.16083183164717643,0.15172179351061602,0.10807061840960606,-0.4188624305494651,-0.10340645274385811,-0.02316691782953877,0.2550403662663738
2018-09-01,0.2561762056693086,0.1967393649603639,0.18552147365116803,0.12738748253593427,-0.41253432531174444,-0.06722239620228262,0.015592428589831363,0.32757303593092263
2018-09-08,0.29420320238994757,0.23135729782519052,0.22237870965592835,0.15332117179456883,-0.44441038351867473,-0.06434468576597148,0.026759775246453153,0.4163144331901571
2018-09-11,0.30868757472592334,0.23422586911789522,0.2248776605888197,0.17525469868668103,-0.4393486247577826,-0.05568264789424912,0.04861329365725834,0.4666224255002712
2018-09-18,0.3254031573349447,0.21928914905652092,0.20500900139783754,0.19904080985635553,-0.36478479459867763,0.013947002104251368,0.13857765304042174,0.5239807899906292
2018-09-21,0.3695425517784521,0.21938011040422745,0.20054072496392467,0.22659444473866663,-0.3009604972517382,0.10455873165036228,0.2543244817365674,0.6158874600223001
2018-09-26,0.4291010057598244,0.2918648903090265,0.26271785682970655,0.251854607608553,-0.36568689814002703,0.09035535841335449,0.25444809409025343,0.7171844293397799
2018-09-28,0.44811601523753275,0.36953887780120254,0.3243550562298302,0.2590320576029308,-0.4152010405803861,0.048963722932853705,0.20475600742105682,0.7241347401632273
2018-10-03,0.4770564269966825,0.417869787562639,0.36837298727909856,0.28758972262026533,-0.42677076100654016,0.06412239700858284,0.21052617337043886,0.8508653170437193
2018-10-06,0.5473380758400324,0.44096915123873204,0.4025815868237098,0.34496600733269556,-0.4515221220338823,0.11317255332799173,0.2761522246642671,1.1702792700951972
2018-10-16,0.6454825029163614,0.4996447633234005,0.4671416193289101,0.41841883355165693,-0.49320186747868283,0.17538981473847873,0.3729581887777581,1.6248316831552971
2018-10-21,0.712212111405333,0.5483877014757967,0.5149560587444011,0.4658873969152562,-0.4964273936133132,0.2473281921293166,0.4712456100642783,1.9650388632568705
2018-11-02,0.759378670091265,0.5725818878199435,0.5427685817291655,0.4935265081707615,-0.498070444657709,0.3066890827341126,0.5432255456489755,2.1900401195611017
2018-11-05,0.7580432535437865,0.5519937552028635,0.5308955334588932,0.4957702352650812,-0.49239888914207,0.3163370773728938,0.5485390268947357,2.246345837186335
2018-11-17,0.7717125889059431,0.5515034438869216,0.5380246764078638,0.5001109263025435,-0.5012384138181447,0.33307098664895707,0.5653680852467159,2.1765370494749017
2018-11-30,0.711912701030155,0.5014031742993961,0.48924158094020115,0.43107492588679147,-0.4511091668958614,0.31542758117318914,0.5452517591030916,1.6997448631869796
2018-12-10,0.48612246301044104,0.33846717132924975,0.3249122466233785,0.25246291977717983,-0.32706880733663246,0.20429706326127856,0.3780610539975849,0.8385140961957311
2018-12-12,0.22257886995457482,0.14544948156481427,0.131543738236166,0.09182059368552008,-0.26678602344671176,0.01833088815551734,0.1085403325501785,0.2046868046295641
2018-12-15,0.24222653880399497,0.1311316177333632,0.12379958396994042,0.11941791280897995,-0.3869759824422324,-0.030498614814846094,0.06814942505590192,0.2849180729611503
2018-12-17,0.3850988435250455,0.20799724779989076,0.20071662655928435,0.20862093480510052,-0.4544402342373642,0.049364665763056675,0.2243019149143653,0.5697294245576339
2018-12-25,0.4296680674348306,0.2396587406911413,0.22622450592642557,0.22892701589138126,-0.41950087283465487,0.10441661376568993,0.3005030039489325,0.6184843328653885
2019-01-14,0.3777389081085443,0.2153617493465268,0.1971821847579696,0.19907764923595925,-0.3824789356636871,0.0711206802279195,0.23825203477507967,0.5275170212173695
2019-01-21,0.34578002289293747,0.19074422240269162,0.18167139746087999,0.17454972064785185,-0.41325253573827303,0.037902456936058655,0.19080130636958142,0.4485880297005317
2019-02-15,0.28281259867037783,0.14342209384007087,0.1453914889850268,0.1275680062083735,-0.4295379390121998,-0.008442560503747455,0.13574225922459005,0.3154076936007582
2019-02-18,0.23973869999587746,0.11796189806731522,0.12407838793201037,0.09998641545117234,-0.44741521111354743,-0.06301735912454748,0.03772509236607328,0.23835929754108853
2019-02-23,0.2339550028044828,0.12763863696594877,0.1290461109874252,0.10296962576289809,-0.43286396629560936,-0.0816173397049529,-0.003816470224661665,0.24562485027023523
2019-02-25,0.23558134128464603,0.1486882697277036,0.14645046743520534,0.0980340353344202,-0.4180970253524113,-0.06603362560357781,0.027666153757012982,0.23251158021438867
2019-03-10,0.2364479049929721,0.15409145893630172,0.14685155606247996,0.09692386002604866,-0.3781756999351592,-0.02552467756796216,0.10049367147552815,0.2374670710093503
2019-03-22,0.27216001766233744,0.1654062544178333,0.15095920752946915,0.1461548457825,-0.3324112699943783,0.02719343310043822,0.15208390628471716,0.4059067407915882
2019-03-27,0.2897592945694423,0.15919591906223657,0.14325932329322924,0.18488702306366067,-0.31388568401679107,0.03701993632499427,0.14248501949733028,0.5330691784833494
2019-03-30,0.24706363251550803,0.14855922995408632,0.13805269448192498,0.149947083991867,-0.3795235943908469,-0.04092666119288374,0.02286621740889196,0.4189579949187619
2019-04-01,0.20657836639493282,0.1569308858932551,0.14495568160829045,0.11080541758051775,-0.41288472382545294,-0.08609356750801131,-0.04158557583479497,0.29209155246434704
2019-04-04,0.2273467625895315,0.19829886098873686,0.18016978407807177,0.1272793048732219,-0.4046202139695659,-0.052221849464612946,0.0040990061504952964,0.3652754373952881
2019-04-06,0.26564590236745916,0.21130898584621724,0.1963128403382619,0.1577356216806279,-0.40035222174378304,-0.014295055713873663,0.06018789577028881,0.48440281837109406
2019-04-11,0.28786049825546733,0.2106837050958565,0.19962172964993147,0.17387368893011734,-0.42286965810704447,-0.012456041306122493,0.05628134326875439,0.5531580240625169
2019-04-19,0.30980688983639715,0.2282537359547233,0.21380550754371147,0.1931609192948031,-0.42573609053709643,-0.005911262571691081,0.05653346228590153,0.6247592785442548
2019-04-21,0.35624757396413054,0.2628991568255837,0.2511908025728524,0.22093542716009776,-0.4290893138535638,0.020137607153772673,0.10113285418996915,0.7036301767629908
2019-04-26,0.43765266260508534,0.3243244180956122,0.30170535124622816,0.2713886201332428,-0.3964784760414917,0.09666649764404611,0.2388919599409666,0.8489795057841849
2019-04-29,0.5328236204484542,0.4178746661886014,0.3617950447527215,0.3429424549090154,-0.3345475058758273,0.21132580181569793,0.4093726590807883,1.137948502975017
2019-05-11,0.6030429086945516,0.5000438384513025,0.4234647682013072,0.39695392281047914,-0.3236229908579296,0.2684743955991264,0.47426342121155857,1.3836592099098561
2019-05-14,0.6680458365351097,0.5791287159704647,0.5201271586945515,0.4338583380821197,-0.402751577372238,0.268478610853198,0.4634846287779464,1.6461137736230564
2019-05-16,0.6798062619525501,0.6553492072959651,0.5807597834433389,0.44870877757500827,-0.4036257053141814,0.289376374535241,0.47852169434230996,1.798216284344372
2019-05-29,0.6204349235981342,0.6473180379546868,0.531131023423475,0.43032994790577417,-0.302044968616781,0.32567455338374446,0.4927471418582861,1.7136010568964237
2019-06-08,0.5714600640177282,0.5465615144155853,0.42555506051404635,0.4100694767999099,-0.22822140748411768,0.3435365182620263,0.4881393025018268,1.5734927300181765
2019-06-15,0.6579429756385746,0.4960504734036099,0.43393377072581113,0.4605335746027996,-0.3019576107705997,0.3822921033184347,0.5475878879550605,1.9544029263001055
2019-06-18,0.7241066130141864,0.487724258764641,0.47189306790427465,0.49242532504638237,-0.37438203432619277,0.4016973954315889,0.5915935687009239,2.1680161369773816
2019-06-28,0.6907666235797685,0.4810499189379884,0.4736042527186523,0.4507737980832448,-0.3946819741946367,0.35342707467438794,0.5461477175727596,1.824196784299399
2019-06-30,0.6433337019058867,0.4754991425394953,0.456439424747475,0.394947252452166,-0.3685506571447314,0.3099376906238642,0.4972001342066307,1.3483994677001967
2019-07-03,0.646843015391204,0.47379145423249264,0.46177357568074123,0.36803028702891694,-0.3783731199636436,0.2993648199486524,0.49850388504853804,1.1957754522610176
2019-07-05,0.5501893273758004,0.3838414635548448,0.38853151551170456,0.29546309166432505,-0.41715667636532283,0.21282850697597613,0.4199791081050779,0.9301572980174695
2019-07-23,0.36588552209591435,0.24210582758793983,0.25109831598489657,0.19270172169562122,-0.44007673261932906,0.07515559747146877,0.2916061577046915,0.5817325173879826
2019-07-25,0.25654674351830065,0.1679970763934337,0.15873242953730304,0.14471126462004108,-0.37668678583741,0.025861379789181488,0.24936355109349562,0.43151700411199234
2019-07-30,0.27345580199209146,0.1993017856976066,0.16789503754558563,0.16310362145105967,-0.32017714532355107,0.03973976632765521,0.24237431592475847,0.5335416320655529
2019-08-19,0.30532096858848207,0.23770203368921103,0.20458594293379043,0.18479712325518632,-0.3700385415235842,-0.001488876988605425,0.14102051359624174,0.6163357847750229
2019-08-22,0.3004281876569031,0.2257060651016661,0.20902422889188732,0.17937063899552116,-0.45140099052454,-0.06801898482783261,0.02533542677148167,0.5807102709375767
2019-08-24,0.29382402979573086,0.21308043520436265,0.20508675422780673,0.17175112621446356,-0.46438617903506313,-0.07816541640073287,0.015620309890342854,0.5131963777498547
2019-09-06,0.3346255677974549,0.25235632668877994,0.23698971508629882,0.1987829519474895,-0.4413623453752743,-0.02769812094003145,0.09110262531521107,0.589963447604992
2019-09-08,0.37731534303611225,0.2951017912051872,0.2697214483742807,0.23157581443263786,-0.4436772942249958,0.0035357238415451896,0.12634183663272786,0.6872614126648671
2019-09-18,0.4055728810640723,0.29557758299619535,0.2748694427859293,0.254029517255111,-0.46161350305841303,0.004060023051123279,0.12227585223695149,0.7386109955220088
2019-09-21,0.4884679193240372,0.33962440345982975,0.33069758600382254,0.3008283032694285,-0.5017296030743427,0.031219492851997994,0.19588093895803946,0.9648732070798874
2019-10-13,0.5993682287054212,0.4131577427731863,0.40125085920953507,0.3660911335509077,-0.4816498893791355,0.12764934125469826,0.3394604986847128,1.2921406209731812
2019-10-18,0.605613052749199,0.4132297611834487,0.37803289155057096,0.37835713139277743,-0.3821465025989026,0.20704777932778556,0.3917788175068868,1.3451621493225383
2019-11-07,0.5715172292325855,0.3785918419618258,0.3317135372950279,0.36978741367009604,-0.3260899454277467,0.23748837685125815,0.3727349785390077,1.3243602630179336
2019-11-10,0.6466558635707728,0.4628405928970589,0.42777589977286695,0.40387774235584045,-0.41938429044583064,0.2517492578899853,0.4247730903219578,1.5627864862352652
2019-11-17,0.671287939476396,0.5561313022216595,0.5379332343657345,0.4123826637489925,-0.4746521883116876,0.2529458273411291,0.46662234343378073,1.6247871418976398
2019-11-25,0.7095634009885494,0.5547410592333362,0.5514096923215465,0.4243462771406082,-0.4921671927849929,0.2824841156467265,0.49695074142313617,1.608532552343472
2019-11-30,0.7632191946131079,0.42007142458115676,0.4268045565688443,0.4366555935584048,-0.45195434802421375,0.34916976955304435,0.558064780943011,1.636154083101894
2019-12-15,0.6555635774308977,0.22477820347857214,0.22600023141002032,0.3552979268291462,-0.3030347221272106,0.3310559903137133,0.527372667396602,1.2979047253209328
2019-12-20,0.31986807323607347,0.10256918855503136,0.08329932663687033,0.17697226323944576,-0.12258876923498485,0.1737982863618386,0.312591790470008,0.5463404159114387
2019-12-25,0.2086882348078192,0.13659133478064475,0.10904048934408997,0.11629272928224775,-0.18845228045913603,0.05582527346620274,0.1661586981452756,0.27392124237851795
2019-12-30,0.2740992311056761,0.18988806903459424,0.17071806636457293,0.14201170613350556,-0.33682924937819664,0.038376980519012095,0.17576209319428043,0.3917047006752115
2020-01-04,0.32519557708907176,0.19230020936376727,0.1801273566859688,0.1597786122880002,-0.3799829957695689,0.052718819380867823,0.21373381361162613,0.45960640670245934
2020-01-06,0.36149299049792893,0.21873463180056582,0.20741768277449812,0.1789551822662617,-0.4022643896724199,0.06039705659090896,0.22462074807349933,0.5167559102424989
2020-01-19,0.4135148512861455,0.23739159319840367,0.22784898875395915,0.20343295564644595,-0.43247895676093057,0.06923014608524947,0.23010036796967817,0.5921614412717158
2020-01-21,0.34962383663162316,0.18148839136644798,0.18064199977268094,0.16734694166291897,-0.37960240686175367,0.062300715803302105,0.22680911061140172,0.4734580490695468
2020-01-26,0.24360433635258025,0.11657380826446305,0.11698140427746884,0.11308661946908821,-0.29541991394220535,0.048796448630657345,0.20376717218314905,0.28384240981409775
2020-02-13,0.2253844348432377,0.13612508392533848,0.12912105260639783,0.10511786504319634,-0.31248681785948534,0.03568573544539093,0.17595121052463444,0.2474070307490492
2020-02-18,0.2409347557225313,0.18193090043477422,0.15888602074473845,0.11842762426678649,-0.3356363743490563,0.014653093985448345,0.13619692279811133,0.2808569137371861
2020-03-09,0.24689587736455462,0.1899396322670114,0.16455671508180125,0.12340100980332078,-0.34463594138827985,-0.0073149091470116265,0.10914584230955235,0.3044376604467681
2020-03-19,0.2371240735518452,0.18808127942261213,0.16521087437323143,0.11725183704784406,-0.33974660389160644,-0.02639474091683984,0.0635404123688653,0.2932286727175281
2020-03-24,0.22257027061243245,0.1862502265276139,0.16990636483967692,0.10432598584556146,-0.3472672779644311,-0.03543691882952896,0.01914665091803039,0.26985180131388115
2020-03-26,0.1995442737135738,0.17648048718108744,0.16052259622027332,0.09348631916118519,-0.33905667870635875,-0.04167572729092396,-0.012835476017034553,0.24773735060549856
2020-04-05,0.1852527761983472,0.1642944286149061,0.1496732172298121,0.09202811457590745,-0.3395456291892957,-0.05135598821513836,-0.028773601601675337,0.24821582023481553
2020-04-08,0.190890821885272,0.16839882275388393,0.15022345363917466,0.10399264375742577,-0.33731675717977544,-0.052133109380230774,-0.01755665707323704,0.27910393917467796
2020-04-10,0.1993784409102152,0.17377367347351058,0.15867756385656184,0.11008214168737457,-0.35776531754689755,-0.055239923441699035,-0.0015935848918501487,0.3058145960233126
2020-04-13,0.2180501799169804,0.18213203431644828,0.1679990914328817,0.12146885987556436,-0.370112685781751,-0.04049404787142321,0.02395711810341782,0.34663746106707105
2020-04-15,0.23317690293097948,0.18337205880961746,0.1647765211783887,0.13577364289940203,-0.3413634343462457,-0.008247456568824033,0.05466139874348262,0.38132747821161483
2020-04-18,0.24816581504225935,0.18551205524315503,0.16128337467307585,0.15153889556511307,-0.3095766422147261,0.021431467329884994,0.09673442088609648,0.41663700887127286
2020-04-20,0.24290081695245602,0.1923768970881356,0.17480115921272082,0.1461007422591407,-0.33996923540507085,5.292615989228432e-05,0.06937869704450103,0.41463791189070687
2020-04-23,0.231972155716722,0.19388691996514307,0.1851528837422461,0.13372636843031432,-0.3794245383169354,-0.029359334102584123,0.018960604395455785,0.3997553137859111
2020-04-25,0.22918836446618315,0.2005582844534396,0.19039281467363792,0.1317443930704072,-0.38428207665767145,-0.03361750355482482,-0.0012423677693935327,0.3994991890107006
2020-05-05,0.24661199571597217,0.22321704969884354,0.2029038640248496,0.14573433077950176,-0.3627564680789343,-0.00351370998360252,0.04265909901551774,0.4254939501660387
2020-05-13,0.2573198126779859,0.23589094498416469,0.20997366945034782,0.15286191325837228,-0.3552863179455032,0.011593565557204956,0.06612672968017404,0.43025219145405863
2020-05-15,0.232645130211578,0.19599925335957014,0.17891635371244946,0.1327793442476717,-0.3887319276359137,-0.04033898924898282,-0.0008013163591774975,0.3723056826684289
2020-05-18,0.20379687706883332,0.1530537453754618,0.14651720566743523,0.11134187032664322,-0.42856622225183183,-0.10089878910908685,-0.06751893740356972,0.3192736999747011
2020-05-20,0.19177821609939852,0.14573435834916884,0.13941230788440998,0.10366176777449823,-0.4178460329660242,-0.10142724823288554,-0.05604598884069469,0.3008298126084595
2020-05-23,0.20311157344034023,0.1686789904842487,0.15412534904087247,0.11350003708851024,-0.3823050934264728,-0.06068519872635465,-0.0064176985232278815,0.3217083027135922
2020-05-25,0.21166322566499887,0.17682929122711355,0.16100497833398925,0.11898870015957354,-0.3861887751110361,-0.05925144153407913,-0.00909672179121446,0.3178768714810444
2020-05-28,0.20893410887033628,0.16463372010325927,0.15433847930454844,0.11246256726654319,-0.4077425367221379,-0.07731147944275767,-0.0185016978163662,0.2941320032272642
2020-05-30,0.17935246098873706,0.13629275398174706,0.13062151081182882,0.08797792490198833,-0.3992405049361893,-0.08838232339873688,-0.028716521088856944,0.2158481449041434
2020-06-02,0.2028841767152035,0.14694102190719777,0.14863034319296836,0.1062699837561886,-0.4096161408075186,-0.07463585203556931,-0.014549246393938864,0.2986005249060165
2020-06-24,0.28314811820037034,0.20585963512808916,0.20448169342478542,0.17471334300144228,-0.42489438283390507,-0.034285925919117506,0.0447653564612105,0.4942522635089268
2020-07-09,0.36942764376136056,0.280246435577481,0.26005356438803573,0.25623529191712985,-0.41746271238451316,0.031902125508235686,0.15182419043337736,0.8476960878088826
2020-07-17,0.4224696920616175,0.33567157524783975,0.2988392589921474,0.30890695859775824,-0.403652828897322,0.09197329556578727,0.236840712281141,1.2437431073158258
2020-07-27,0.47520579888851383,0.3775912052712655,0.3533027760049473,0.34649824985382566,-0.4521207746771986,0.11565393506399785,0.26437883739635204,1.6361445427718733
2020-07-29,0.4853462606598454,0.364328129260134,0.35885491756694987,0.3466556526976632,-0.47500331524371714,0.11553770417458467,0.2630387624283656,1.6075453626515634
2020-08-01,0.4589149081791952,0.3331861018539762,0.3311075067815451,0.32538701235209283,-0.48857478382432906,0.08110866253949543,0.23462423318603515,1.368989753889549
2020-08-11,0.39394559322688927,0.2995149010695082,0.2781024479818601,0.2768229040428408,-0.44040299201008326,0.04895496997020296,0.20022799803208352,0.9700226652532793
2020-08-13,0.34289437638406356,0.2674649010157234,0.22922179734637693,0.23974429767920408,-0.34781021543074603,0.06196096519908707,0.2037501575574857,0.7299670122664503
2020-08-18,0.3560513491975409,0.23942750223440318,0.21002531628061671,0.24702747553456622,-0.3024905634995595,0.10338408023425337,0.23814284781151018,0.7878417066659155
2020-08-21,0.43320038859691484,0.2941506539532613,0.2749802232525623,0.3006855805936916,-0.40332410207548536,0.08977681315305189,0.2299240913573583,1.1230742532036486
2020-09-02,0.47579920864957537,0.35454135990105107,0.3256564747088696,0.32687176299488385,-0.46315098902662966,0.07433847486199671,0.2258279464331629,1.227374214934128
2020-09-05,0.46599032502745474,0.35887612736005703,0.31999205771162476,0.31721992520717396,-0.4468460238115853,0.07056548014590261,0.23077168718998922,1.1156172812035023
2020-09-10,0.4438825903798659,0.329066446135755,0.29833426760705417,0.29550072649331943,-0.4408817696510562,0.049877315058975843,0.1990170140737621,0.969038179009953
2020-09-15,0.4213084621092184,0.3054519615921743,0.28557299689623517,0.27422466207998364,-0.4597604675605778,0.014627689631466958,0.15086903409090935,0.8506174699244778
2020-09-17,0.42390777199396584,0.2892252487935011,0.2816099194514723,0.2664006856593768,-0.4763609832296998,0.01553980064472165,0.1570074639326474,0.7931903394407908
2020-09-20,0.4107835529182366,0.2736440914276347,0.2636852158585862,0.2624192227625046,-0.44769053352542204,0.034292818796920636,0.18024170333047518,0.7646469422124781
2020-09-22,0.36475715740709563,0.2605647447709005,0.23009394612675974,0.2439275114574318,-0.35289437737111456,0.05553271659024374,0.1942027182736455,0.6840904602434377
2020-10-12,0.3045095458003039,0.21426785863701994,0.17370623166732296,0.2026021480116568,-0.28161136406888937,0.046873479904049935,0.189348601801222,0.527326141832051
2020-10-17,0.3054013047294847,0.18837318992016686,0.16280580764191108,0.17256264750941752,-0.344008045656378,0.010106073846423896,0.16709532395481777,0.4386941983621015
2020-11-04,0.2512247875570178,0.15345286619272527,0.14341968437060787,0.12054905847341742,-0.39093237517381596,-0.03826395014522731,0.09788995200604447,0.2931106253630944
2020-11-06,0.2023228369603264,0.14439554878750382,0.13561874135023683,0.08695869386349557,-0.37540283751241565,-0.062419328963794,0.037876529162590405,0.19757620029422152
2020-11-09,0.29891737108374883,0.17327990487247197,0.16212977388392225,0.1452148441727094,-0.3583603816592642,-0.006500581725043423,0.10563422418356541,0.39816174081819733
2020-11-21,0.5195473658623327,0.24185361566443628,0.23140733158523988,0.27570983223702633,-0.39713718323607117,0.10382118446730677,0.2812575222775985,0.8362104143409959
2020-11-26,0.5666481440302847,0.24188891322051692,0.23416874408688007,0.3090900178473044,-0.40035720374468287,0.16012132599201628,0.3709737426200686,0.9397636867468758
2020-12-06,0.4478521815224614,0.2098858247420403,0.1997593624002551,0.23839480627986792,-0.3511691030524172,0.14422858277890227,0.33212948598101644,0.6751671353216794
2021-01-10,0.3540649362541938,0.19735599489083797,0.1871395488081183,0.1795075612338603,-0.29815648461142036,0.12666530070810186,0.292145284050056,0.45504394928412306
2021-02-24,0.3619562194467869,0.21637559235677722,0.21476819212458517,0.1806608371385468,-0.35234743425066956,0.07780841546938812,0.24038222266805395,0.4519773431508031
2021-02-27,0.3915348256891736,0.2357234261076439,0.23838804209347636,0.1972336430044413,-0.42137119251026,0.04251471777847124,0.19849804739983332,0.5095722087741981
2021-03-01,0.41497793323625864,0.259789352491145,0.25598618787935,0.21177509244485662,-0.432523851597234,0.0558959624369856,0.21189212534097912,0.5568085747737108
2021-03-06,0.43485122397724923,0.2787588820333201,0.2689593229654616,0.22564882454470483,-0.40642126403478224,0.0952678754493916,0.2700728601681,0.6048416218269895
2021-03-19,0.4455479567665523,0.29213563322651365,0.2800193269507692,0.23379802408444358,-0.40575731583797164,0.09908291092614442,0.2775463138425066,0.636399869029815
2021-03-24,0.4677338697232062,0.3093369160945258,0.29222826351042885,0.2568887976709582,-0.40567982104626976,0.10902100287831945,0.2775777669054181,0.7358155654719737
2021-03-29,0.46912751359119964,0.3368805111039897,0.31528785443676083,0.26827585819324967,-0.41751115301905894,0.0991683858690804,0.24944476127771245,0.7756677595575414
2021-03-31,0.47643569751972403,0.3546468819572348,0.33243348408650514,0.2881366121740594,-0.42928992166563607,0.10282431085288843,0.23855893760649133,0.8737605566741613
2021-04-08,0.5121320052079231,0.3463324922739456,0.3253579754211879,0.32350782499390907,-0.42207808477577274,0.1506834927866789,0.2957271828183499,1.058214279075353
2021-04-13,0.5636438424860853,0.33022673763666355,0.3081615725479283,0.3645205124744663,-0.4137800709332659,0.20859182245891192,0.3824309782951969,1.2615381002473713
2021-04-15,0.5486488896319414,0.3519024030402354,0.32854531691909816,0.3525228527432021,-0.4376358947720245,0.1807812786576342,0.34532973841888326,1.2273183044002183
2021-04-23,0.5225128428833796,0.37254393842038186,0.3537339830055657,0.34422892937969685,-0.45963739009585647,0.14087078991548163,0.2748990375665754,1.1754964674415782
2021-04-25,0.5305925807537337,0.3909760444468803,0.3778394101347423,0.3618698776316032,-0.4730247649466839,0.1468728934954363,0.2726929963222199,1.2541400812447265
2021-04-28,0.5982481868105911,0.4472306169012938,0.42244001351698723,0.4308785461848534,-0.46067599191075836,0.23446625154644696,0.3778706092342712,1.795571362386378
2021-05-13,0.6967132604259659,0.5999185961975969,0.5511230472320605,0.5248245291795499,-0.5144560291227677,0.3261174979385685,0.4919377057695684,2.938755044250473
2021-05-18,0.7689806527782461,0.6379829952249779,0.5814723526929787,0.6012973460699759,-0.48489880624117,0.4205049754974599,0.5983435785022763,3.8673589908097634
2021-05-30,0.7576456610708195,0.4997347788495353,0.45729752213695485,0.6041620553109948,-0.33034791339180436,0.4803457601422381,0.642348111475609,3.837673084078259
2021-06-07,0.7588948119544238,0.4148743876061168,0.3801271327505104,0.6164316264151721,-0.19673313740347806,0.539896041677255,0.6826536271293642,3.6691365082494714
2021-06-09,0.7858978915614406,0.5471475072637317,0.5110262326991619,0.6239116733269625,-0.3480594700258606,0.4912194829845779,0.6546136879228284,3.7842808796977256
2021-06-14,0.701918666698527,0.5530128281132297,0.5256853433331468,0.522139813437531,-0.4759298904331811,0.3487964269258934,0.5484076976584038,3.043415208124861
2021-07-17,0.48685512497929384,0.35626309863758326,0.341131621556569,0.3111400928419648,-0.44727054721875537,0.1615516196049565,0.37262407046813395,1.4152789431058388
2021-07-19,0.35960346657484044,0.2254472645861219,0.2120606771175586,0.2052044521907393,-0.3968191331924067,0.053067160848242104,0.2472204703941092,0.5824852501583612
2021-07-22,0.3497966271256163,0.24518425930867108,0.22648096444594357,0.21377780347782088,-0.44164346128633253,-0.0021727249393935057,0.1884753061863538,0.6622378836800286
2021-08-13,0.3641234090939075,0.2665223083433592,0.24528995680122168,0.23248675893255374,-0.4604059486431101,-0.016502619251709927,0.18348890903150236,0.758501559844268
2021-08-16,0.36625050939300224,0.27935510068814273,0.256794167635164,0.21604152263357138,-0.46059031325743527,-0.01630679488063936,0.19443992099623314,0.6432570314638035
2021-09-02,0.4119872397696816,0.3319443248754706,0.3076024874159028,0.23807255838065236,-0.47781900782219217,-0.0018272560134313161,0.2138768781130413,0.7335028445634447
2021-09-05,0.46257050751541307,0.3500818290050783,0.3265888659028126,0.2711381353117441,-0.49000569138378214,0.01496668686304534,0.2304218988396012,0.8405733743248796
2021-09-25,0.5567030906204901,0.37284787289930843,0.3558077165617209,0.326616321486666,-0.48789374419950915,0.09546439764081371,0.3216651390978422,1.0795081065712768
2021-10-10,0.6247444551142223,0.3807073723342896,0.3742255421883027,0.36093631918329866,-0.47511255161859856,0.17660828344864188,0.40893993912689025,1.2430400955266956
2021-10-22,0.597718436709395,0.3465012263484571,0.33184807099735797,0.35052291838121485,-0.42332881578681114,0.18403173375817533,0.38202572240306615,1.1833026275950607
2021-11-01,0.5605103572693536,0.31703831967916596,0.29253588410374576,0.3339625140152918,-0.38628681514982854,0.17075203675586983,0.3315196915751199,1.119807920239499
2021-11-09,0.6747132995436735,0.4155353223955693,0.39875969081426454,0.401778858121849,-0.41843063886396425,0.2629097096129657,0.44842662210828066,1.4909115723983792
2021-11-24,0.7533550108665511,0.46942363994190556,0.46847353775810086,0.4415101278673567,-0.4574305378276273,0.33037493786342087,0.5246059422152887,1.673828182367274
2021-11-29,0.6183337974363319,0.3632004310633245,0.34975517692547115,0.355602200579638,-0.39431546390772343,0.2748389218293333,0.415010692612115,1.215258564713935
2021-12-09,0.3983310392119729,0.23334971700586676,0.21080147498060484,0.21368972466558078,-0.3492072207018234,0.1309755887908785,0.2519901593459656,0.5838689897179631
2021-12-21,0.3228890172785371,0.19296126137197608,0.1831245806128073,0.1651722100580951,-0.4062252704180951,0.03767760199415353,0.19188611640374076,0.4444419006489764
2021-12-31,0.3617925413541725,0.19323327451134734,0.19940778919622948,0.19100716581923124,-0.4863412002445604,0.0287512225773505,0.21848986482993196,0.579812330511047
2022-01-05,0.3667562148010725,0.17987220531286915,0.18241561621708777,0.19574193405333506,-0.4786177597164605,0.049581597457318966,0.21921942066181338,0.592463809490078
2022-01-15,0.28543815261333255,0.15766504058188577,0.1442770423775794,0.14524293396338192,-0.37345601573209003,0.0318974878804746,0.1459946709029072,0.4026054709184626
2022-01-18,0.23103960313581093,0.14659925890875355,0.1197020100923896,0.11036136806750256,-0.2843848757875606,0.008191989365828968,0.07818930672448042,0.27040108687861963
2022-01-25,0.2722815644461307,0.1665449383725941,0.14406270314424374,0.13172915605048613,-0.30622896615824247,0.025860297584284285,0.1448834926125818,0.3344546365735269
2022-01-30,0.3227457396523675,0.17590534416914969,0.17179515660763467,0.15830272447723973,-0.3998758724847732,0.03696988241605274,0.20416806896806616,0.43248010473623
2022-02-07,0.32528318565487896,0.17464270651636957,0.17565220753134306,0.16503149163302772,-0.41395725422462115,0.043511295845186426,0.21602438067970972,0.4547661821322687
2022-02-12,0.32897157924888976,0.18448223363561395,0.17905660286576341,0.17186833795468598,-0.37731659582279226,0.05449081250612809,0.21862773162459492,0.4574944413710389
2022-02-17,0.33385262875452115,0.19187404016678838,0.18119602471842725,0.17743698364404717,-0.36083986690279407,0.04617948340031125,0.2146326154183771,0.4616703100474128
2022-02-19,0.3262603890899723,0.19903951987575197,0.19147856196548044,0.17131908846891936,-0.41359838514120795,0.007384178789149616,0.15051485018937102,0.4718614402413751
2022-02-24,0.3054300577640977,0.19491748148348065,0.18812842110661365,0.16077130878525536,-0.421847189006953,-0.0062720454622852,0.10985336079533761,0.4659464777496679
2022-02-27,0.2779554812930795,0.17305607629485972,0.1647238735904502,0.14477345745300896,-0.3640585938736162,0.01051934879199215,0.1133281403373251,0.41251104621352763
2022-03-04,0.2403634633846818,0.15372026155937846,0.14004118530705942,0.12173573392878695,-0.2954392438411951,0.01607716346627691,0.10663676300387943,0.31823457911583386
2022-03-06,0.255462283280673,0.18672359214220097,0.17023525895522923,0.1306809415370775,-0.3409666144538142,-0.002331317762161237,0.06725008829838305,0.3603400208626144
2022-03-09,0.28779149812634675,0.21812968603530644,0.20157224029572143,0.1566848956813026,-0.40974804194730186,-0.024158876805962914,0.03468524496711095,0.47368283651580656
2022-03-19,0.30443448160266856,0.22324895332902303,0.21026145451921818,0.17654251155787912,-0.44300420646127314,-0.03219323310542341,0.03205592386743111,0.5674831901341796
2022-03-21,0.30509274517868884,0.22109528216319047,0.20777612550739313,0.18770916032945417,-0.4254031167914771,-0.020325290101516017,0.0568787941579056,0.6149443705196681
2022-03-24,0.2979483923356009,0.22753591224433556,0.21470708681640135,0.18166617841813298,-0.4225459268561312,-0.013112350820749455,0.05133209877026268,0.615140142639755
2022-03-26,0.3114704911560875,0.24961045552257233,0.2320453127137795,0.19569725190776005,-0.4049509925867208,0.018651097214538323,0.0801243466715386,0.7052901922179107
2022-04-03,0.365346900802833,0.2971188804207189,0.27062592366990856,0.24818024616536372,-0.39946778694664664,0.06101685755725099,0.15466632761248778,0.9095704354575427
2022-04-10,0.4251273226176418,0.3350741847371677,0.29945965232904176,0.3071512632698036,-0.3748865992649129,0.11266264903609327,0.2457534527548204,1.0739695385506263
2022-04-20,0.4400208752380951,0.30652717999943785,0.2937669793225389,0.3080116175407132,-0.35449316210378407,0.1428519934795445,0.2702518276400363,1.0696504338842976
2022-04-30,0.46830756613425484,0.3205472051929304,0.30925201542943287,0.31757910063285893,-0.3125030545651318,0.19773927520005208,0.32254611023425295,1.1029207145049742
2022-05-03,0.5431538665047502,0.45159081151683717,0.4138128600631541,0.36333748354191253,-0.3540989793118571,0.22729004307612272,0.3765227994621536,1.3072504792301483
2022-05-13,0.5756730335855779,0.5604887122173496,0.4754569060085083,0.3946622014072077,-0.3507330745727225,0.252796677207511,0.4128532895536066,1.4426017771293647
2022-05-18,0.5105871159076862,0.5128344983995808,0.40277149515938687,0.3595319086323349,-0.2548623044538155,0.26583877453496,0.39002701309664406,1.3255674165607865
2022-05-25,0.43629506891568737,0.4359308585015277,0.30720204254980243,0.31791791083450455,-0.1524243823663162,0.2689047582434736,0.35921752623264186,1.1044301170172965
2022-05-28,0.517234916077284,0.46851346530331106,0.3769314830396725,0.3686834595397381,-0.2649534534339676,0.2680549992699722,0.385232105833286,1.4562596547225453
2022-06-04,0.6458041189314288,0.5234581819488014,0.48008059873877873,0.46043695711999355,-0.3948030274980783,0.31229704506381034,0.4689094682202352,2.10016582032008
2022-06-12,0.6882888046513373,0.5195553476160498,0.5051897436760934,0.48584680462135316,-0.43102094228125387,0.345081618667379,0.5115514113350577,2.309236423169546
2022-06-17,0.602904764256668,0.4258379571987043,0.4213149162440744,0.3918805317844504,-0.4117270554796578,0.28360857384700505,0.4468440459882694,1.6587393501583632
2022-06-29,0.5079420958533396,0.3239887067286979,0.33211825904349707,0.2744500631882846,-0.4159777662103411,0.18572701205459122,0.3629676872314995,0.8799933690588695
2022-07-02,0.42981781891718773,0.26892907677105055,0.2707678444412592,0.20402483142651068,-0.3925171194564385,0.13078566738273328,0.30132960697269623,0.5021341608264495
2022-07-04,0.3624497463210968,0.25321598362624426,0.24558035672682335,0.17124019806038154,-0.37699091357920594,0.09462873311219852,0.2440928862347975,0.4350775128249108
2022-07-09,0.29102871453496054,0.20970616505931333,0.2072041942304308,0.1338713744287028,-0.3929018461005228,0.03821277659481686,0.1871088025543004,0.3369706460744745
2022-07-12,0.2617013295708479,0.18513006418283032,0.18543125616067932,0.11896659977043167,-0.41256889774985483,0.000833238903394105,0.16289240583778433,0.2774849638822366
2022-07-14,0.26311104721594425,0.18911310740503368,0.18549943862708726,0.12721456408256962,-0.41487408055452496,-0.006658416758400213,0.15446866868105927,0.30345432923314775
2022-07-17,0.26040622040816325,0.19153557988980716,0.18598177849290673,0.13173129163902467,-0.4130286244616854,-0.013476471979254286,0.14324558163143525,0.3162623569189106
2022-07-19,0.26113457624107483,0.18757105101272462,0.18387351654747852,0.13552558605704534,-0.4368235869638872,-0.036448892644103094,0.11846782178590197,0.3406965639185919
2022-07-24,0.27692124827908027,0.1909953593206649,0.18575490153370444,0.1477940456962951,-0.46741298703472584,-0.05935268581098542,0.09403433168478836,0.3942048868795563
2022-07-27,0.27049168198028556,0.18583365303967325,0.18012656646876946,0.1384774795515453,-0.4582958688991964,-0.057317743310526366,0.12217044520005224,0.3651979064860111
2022-07-29,0.23421399171117513,0.16847402208747972,0.1642296415338919,0.11079786639868083,-0.42155126292610734,-0.05035520029727695,0.151011669003767,0.26754897596784244
2022-08-03,0.2096160661586179,0.16078055601993974,0.15728152011675203,0.09600480481868783,-0.4188101914401905,-0.0698930306453213,0.08994408292334351,0.21756615327617573
2022-08-06,0.2097422423492813,0.15757101920784844,0.1538398763456457,0.10120128441547194,-0.43359300700624054,-0.0938270016407112,0.005349411535672731,0.24147282690335622
2022-08-08,0.21124099423530296,0.15595235248140035,0.15197576207173777,0.1045207415273327,-0.43049626637431837,-0.09375050763638228,-0.009673381540178895,0.2622955774179645
2022-08-11,0.20055315383875874,0.1511668042929294,0.14696379918254915,0.09906396701429887,-0.42477998487846974,-0.09547054412913938,-0.004577991314874417,0.24682693097861755
2022-08-13,0.19275523531867844,0.1458756632600589,0.13979221190476207,0.0967941243974063,-0.3939611165611596,-0.08104707924064433,0.016014938286444482,0.2360327140226007
2022-08-18,0.19425982355578028,0.13570181179569338,0.12641506120481247,0.10382199687487101,-0.32095228900226785,-0.03041781555402845,0.09265470029394084,0.2637952841953856
2022-08-28,0.2165022760692265,0.15101140410936822,0.1397499761187009,0.12022595015591905,-0.319406042343659,-0.011131323819924498,0.11910286764350385,0.33712560572046973
2022-08-31,0.22266494399467773,0.15501979658411574,0.1458917904780645,0.123136598273833,-0.384622895130713,-0.05986582334392124,0.04627640670545962,0.3539106677783402
2022-09-12,0.21462700912445432,0.14445297590974698,0.13662348201795338,0.11161730691486302,-0.4107702344090255,-0.09279174212705901,-0.013211487332620942,0.30949325215513257
2022-09-20,0.2028545334603925,0.12108397856646258,0.11203949839395834,0.10244695012199918,-0.35167733508854837,-0.06574889487759805,0.012093696905136501,0.26039529866681677
2022-09-22,0.21329275062124012,0.11928926241449751,0.10850131019040127,0.11586341227544444,-0.31454380729109316,-0.0372106425130716,0.03922058992317376,0.2912804463550155
2022-09-25,0.23874191865932035,0.12081295648198107,0.11192202265047481,0.13571370969921848,-0.31029596706470997,-0.02278830270299837,0.07704774287166646,0.34666098069132883
2022-09-30,0.27205548922939937,0.15622613272033836,0.15177120155206938,0.13834840828582665,-0.3818333609066541,-0.03501917272970886,0.07930140989941149,0.3527636663083523
2022-10-07,0.31380661920447483,0.20675439217930666,0.2030507369398996,0.14987341586495734,-0.44294497937538624,-0.04319655202877572,0.07275980266805335,0.3813673553786469
2022-10-12,0.3617151969121641,0.2354262177886466,0.2269027327818065,0.18282574334663865,-0.4522777271621597,-0.028379652531717856,0.08057789026658045,0.4798601833352068
2022-10-20,0.39795890439028475,0.28352796859044965,0.26346623340042336,0.21473811496317508,-0.43025662860197555,-0.016192376753790448,0.11113850758831326,0.5792499266542968
2022-10-22,0.42981696721894186,0.31511669344989784,0.29126313748449234,0.23929518667734812,-0.43645118104083513,0.011588389098666725,0.1367722522843173,0.7034832650182691
2022-11-01,0.5320401297961052,0.3128735708461235,0.2967228102974081,0.3122489467401281,-0.43820048709169657,0.12300016673294066,0.25349407753921294,1.0374443272071345
2022-11-04,0.5980431433052227,0.3162818214733601,0.29894317460917097,0.3563391931500532,-0.4062544398118478,0.22216063090299987,0.37323969207042523,1.2173315859213651
2022-11-09,0.610687612713405,0.42319905248214934,0.39284252436348593,0.35538464718427326,-0.40905466987650174,0.20936373879856074,0.4049232077920202,1.1839600098742533
2022-11-19,0.5992905315145894,0.4623675665486029,0.43113391207735974,0.34006879009145263,-0.40246535877401085,0.1923966573007441,0.4100590580423907,1.1167362386864943
2022-11-24,0.6326994555564927,0.4225168119075736,0.40584311798335915,0.35669621005547125,-0.4325864877391729,0.2078616507102565,0.4213210292496394,1.1926996787728867
2022-11-26,0.6054627795489221,0.34743347861247076,0.33577990768782545,0.343109904338,-0.41991851074380226,0.21878441304613866,0.40300743388767113,1.1222298063486456
2022-12-14,0.542973629155189,0.2914949184919701,0.2716325673475015,0.31476354485391994,-0.3755680086570724,0.19647432205252924,0.3607029698356482,0.9725044379396957
2022-12-24,0.46856319328629537,0.2782180172303738,0.241778908837915,0.27476298898858725,-0.2886948515599409,0.1829585501017596,0.3479889415025954,0.7975930607006992
2022-12-29,0.52509286911677,0.36785408930529734,0.33534019129607695,0.2941799891660574,-0.3428952615308929,0.19752222363289632,0.37943023080245825,0.9103668279410043
2023-01-18,0.6190729347379169,0.4328997976705832,0.4234173057092255,0.33560329551638846,-0.41491930122074144,0.2531704460002623,0.4500541539802477,1.1135412382282937
2023-02-07,0.6313606802897249,0.4216246709684977,0.4159012649637378,0.33884599322726344,-0.4349434255501209,0.23990813991445092,0.4408599310348386,1.1064028590824764
2023-02-14,0.5742610167912902,0.4043770542128149,0.38101854713536143,0.3112669571325502,-0.41038915037761686,0.1800103002537439,0.37817546421637604,0.9641053493722017
2023-02-24,0.5552363665081241,0.4087036256844888,0.37969652376004964,0.30683986563239074,-0.4344066286859315,0.1371517747890785,0.31679951707707943,0.9418629691092749
2023-02-27,0.5608829572075112,0.40732101310320273,0.3857847706504751,0.31678189230880227,-0.4600685045345852,0.1325273976235452,0.2924257101032591,1.0039174093551466
2023-03-01,0.5665026649210096,0.41541036763835,0.38826535832536857,0.32850809468225833,-0.45875346169056047,0.1406633944297332,0.3030902934564567,1.0590270328798175
2023-04-03,0.6028339921103428,0.4417300379361331,0.4161074635385393,0.36264966995652237,-0.46820624287119833,0.17241144019696003,0.3604880934871906,1.2272424711081122
2023-04-05,0.6117841921853043,0.4528486704971798,0.42628959146192935,0.37321571560971517,-0.44698138837877915,0.20048013281497698,0.4032480064097373,1.2819634617679592
2023-04-18,0.5778261675868148,0.4308761126131447,0.39296678573621224,0.34957134956203995,-0.3820155629607773,0.21772365815070926,0.4148959138187066,1.16019218577613
2023-04-25,0.5419336287878788,0.4122447037325012,0.3559835300149922,0.3298393007957121,-0.3220317365932047,0.22719479704240914,0.4145073166061356,1.075894101713797
2023-05-03,0.6010705296433719,0.4510142403000311,0.4068148245793736,0.37670632273008325,-0.3844736263591383,0.23785693442907718,0.42758265060830913,1.4315047169337123
2023-05-13,0.6819148978832854,0.5504752048021958,0.5093691267226994,0.4409152031680438,-0.4439378629317292,0.26883434257416444,0.4661983348147521,1.8622060904424567
2023-05-18,0.6712206557916839,0.5969755860010124,0.5377028456142131,0.4407390119984637,-0.40761366040235447,0.29213814877813404,0.48085606573771134,1.8171290551170363
2023-05-25,0.5647376337465576,0.5187294331751666,0.44549108283203204,0.36262590221978686,-0.3337685012919552,0.25809413337362563,0.4383542064397227,1.3172487740419085
2023-06-02,0.48600037667116486,0.37994470238882416,0.3365507369573291,0.2851689124763409,-0.35893699075073515,0.17170323704465904,0.36341224293922614,0.9229929060549871
2023-06-04,0.485461016209029,0.35825449170930085,0.3385195521776203,0.2727929351100991,-0.4489800542877752,0.09450129620996649,0.2993927468186506,0.8687010554830304
2023-06-07,0.5277353189033185,0.4227606388013714,0.3994114696988433,0.31430950477127456,-0.49413987426097683,0.09386453123095503,0.30200749634002344,1.0622529049811638
2023-06-09,0.5792665010513294,0.47199976988287284,0.4509390244268283,0.36401081923370976,-0.5042045134320947,0.1377558870682705,0.34847330141301674,1.356751709580966
2023-06-12,0.6058429468092801,0.4917267456430723,0.46782074662412576,0.3858197801765332,-0.4912064017121122,0.1701108290543651,0.3865595279931032,1.4948438064410317
2023-06-14,0.624893785957909,0.5647865298080988,0.5136302187402778,0.4127719533826199,-0.46456680688480384,0.1985091303946697,0.41176084593898116,1.676225982103031
2023-06-19,0.6690892270708948,0.6565234034332189,0.577394343598321,0.45875128254530473,-0.42943827869511453,0.2604610864236054,0.476439781611102,2.0156254771893334
2023-06-24,0.6535481943629253,0.6248449621643163,0.5615229744663719,0.4288762624006307,-0.4604915452034256,0.2240360174560083,0.42979423499747144,1.939647626505319
2023-07-12,0.5085024884025799,0.43348225473304614,0.3974664901641663,0.2902551249438739,-0.4771406015940483,0.07100300703931813,0.2518947889454858,1.0801089331691751
2023-07-17,0.4042146068707485,0.33243189028916215,0.28695946677442336,0.21631109101722223,-0.439489223094208,-0.0022355592012895664,0.16612804336247422,0.5574761211096129
2023-08-06,0.4922080679185164,0.49183955618147934,0.38100499889226114,0.309628626230767,-0.3779056793388431,0.11743489615009006,0.3053030571395766,0.9712785263319618
2023-08-13,0.6216953773246372,0.6733950610082267,0.5206264544583118,0.41369146823991265,-0.4052795114156402,0.19540411716590764,0.4032669938705234,1.494749644395718
2023-08-21,0.6108919920925404,0.5856201285826742,0.4858895815014721,0.3914730197166477,-0.4796522178875955,0.11046569346966989,0.31547825330166357,1.382804841920132
2023-08-23,0.4671124035844546,0.363140902428742,0.3341407469948103,0.28148961211090595,-0.5151664199340343,-0.02513557386375248,0.14649158349628152,0.9695129559444198
2023-09-05,0.3369423825355608,0.2341977454018863,0.2276492974977989,0.20120008854594246,-0.4872308422152887,-0.06889746593307808,0.04798120726579417,0.757622961721109
2023-09-07,0.2834877308361915,0.21457657485935427,0.20127792005622094,0.17886729546635197,-0.46601239784299425,-0.06878689540886614,0.010150247795131271,0.7666854553151178
2023-09-10,0.30624352806637767,0.22921751569067267,0.2173293560785965,0.19716650605966882,-0.4549481897097133,-0.04710148869527403,0.038809596063472715,0.8096151085099603
2023-09-15,0.3587063699604576,0.2666729673960381,0.25029545188246083,0.224099397639568,-0.4471898592591969,-0.010301133438939862,0.10344758989823966,0.8302338459755253
2023-09-25,0.3970603844839865,0.28622891122111677,0.2709004467929763,0.24632884895897755,-0.4417608345668187,0.030397381886443104,0.1521507149682352,0.8586647072552992
2023-09-30,0.3645927805873205,0.25142926092014783,0.23910731201176885,0.23141549099735764,-0.43818924360394274,0.015138256113990776,0.11307033141030011,0.8285745292367084
2023-10-07,0.3494654313346827,0.2489012236864001,0.24147329642135637,0.22955710161053955,-0.4748889637403723,-0.023806501918264146,0.060357828797905036,0.8512302351745658
2023-10-10,0.3646643992455164,0.281888089254699,0.2696910474079384,0.2341802161388469,-0.46605056728978156,-0.00977462822375452,0.07667656277262376,0.8866736767567147
2023-10-15,0.37040468900545354,0.2925806458860405,0.2648366856899237,0.21693009222259726,-0.3781491415689371,0.05291650337908716,0.1520039499030653,0.7607080137450591
2023-11-11,0.33292465201383076,0.25138702713620475,0.2040009169895623,0.1716240829398816,-0.26105611403909323,0.09721499855554594,0.21093566783395123,0.49959364810254886
2023-12-16,0.294487937412531,0.21476970438784954,0.15762591023711334,0.14551123001087118,-0.21124083118785453,0.09382745427330064,0.22668197870129797,0.3494751650594564
2023-12-31,0.2566355684658281,0.18665087734885993,0.13436553071344454,0.13173483560934188,-0.21373589583799188,0.0625718626146948,0.19567005568877466,0.29768611852167537
2024-01-10,0.20620646268388934,0.1553364965911893,0.1216358857463801,0.09766599679616281,-0.18158409064147962,0.06692501531021461,0.13968335152365408,0.22381814282214219
