date,TA_f,VPD_f,SW_IN_f,FC_2_f,GPP_FC_2_rei_f,RECO_FC_2_rei_f,GPP_FC_2_fal_f,RECO_FC_2_fal_f,GPP_FC_2_las_f,RECO_FC_2_las_f
2020-09-30,,,,,,,,,,
2020-10-01,,,,,,,,,,
2020-10-02,297.55388888888893,1386.9726797222222,,-0.4441453535571431,1.0123023243321663,0.5681569707750233,1.582548352259219,1.138402998702076,1.3288409641170464,0.8846956105599038
2020-10-03,296.14225000000005,1434.517986111111,,-0.6056799732685715,1.2632158122477144,0.6575358389791427,1.8746245259353642,1.2689445526667924,1.6577774427835077,1.0520974695149365
2020-10-04,295.1861805555556,1352.1909791666667,,-0.7735289595057142,1.3368056602935718,0.5632767007878573,1.969169021705486,1.1956400621997714,1.7551121363375994,0.9815831768318853
2020-10-05,294.4874930555555,1361.0645000000002,,-0.825447050165714,1.308652825376901,0.4832057752111867,1.9706569237772513,1.145209873611537,1.7693739529265455,0.9439269027608317
2020-10-06,295.3445763888888,1485.9899097222226,,-0.7978861894514283,1.206575420954244,0.4086892315028157,2.0033834716702503,1.2054972822188217,1.718129674481127,0.9202434850296988
2020-10-07,296.86581249999995,1713.7436476851854,,-0.6325969032942856,1.0579886217551842,0.42539171846089835,1.9581382876223976,1.325541384328112,1.5984815867438893,0.9658846834496041
2020-10-08,297.8679305555556,1881.249549557166,,-0.4644470447254286,0.9813210996412729,0.516874054915844,1.8790573240028472,1.4146102792774184,1.4974607323626195,1.0330136876371914
2020-10-09,297.97797916666667,1890.3219106682766,,-0.27922982307114297,0.9352184318695681,0.6559886087984254,1.7055561588312085,1.4263263357600653,1.4177088517255838,1.1384790286544415
2020-10-10,297.1173888888889,1671.8053671497582,,-0.2034932870111429,0.920625023202503,0.7171317361913602,1.5801999661232518,1.3767066791121085,1.4235847448387628,1.2200914578276205
2020-10-11,296.4785972222223,1426.3042569444442,,-0.35404798553285716,1.0400568847642397,0.6860088992313824,1.6971841316175862,1.3431361460847289,1.7966011415746872,1.4425531560418305
2020-10-12,296.2975138888889,1605.731284722222,,-0.4713581718157143,1.107047298273685,0.6356891264579705,1.8169374006717751,1.3455792288560608,2.4160049968374264,1.9446468250217126
2020-10-13,295.9582222222222,1808.2914999999996,,-0.5011710272677142,1.1221169252868046,0.6209458980190904,1.8231505597941273,1.3219795325264128,2.9047579702867092,2.4035869430189947
2020-10-14,295.1573263888888,1841.3421180555554,,-0.4767956627005714,1.0789338005321276,0.6021381378315565,1.7024799194219753,1.225684256721403,2.9933389945224724,2.5165433318219015
2020-10-15,293.7969166666666,1514.119736111111,,-0.5327857539034285,1.0766561789324927,0.5438704250290648,1.6529816485158955,1.1201958946124657,2.593714920424681,2.0609291665212535
2020-10-16,292.62595833333324,1279.266791666667,,-0.5456558854045714,1.0827718927298216,0.537116007325251,1.5940948379994744,1.0484389525949023,2.0893273023784293,1.543671416973859
2020-10-17,291.62272916666666,1187.5790208333335,,-0.2733712572545495,0.9781304689363354,0.7047592116817872,1.3479726728296673,1.0746014155751176,1.5682276608813925,1.2948564036268442
2020-10-18,292.0016180555556,1290.0546944444447,,0.007042605844291579,0.9660227792744523,0.973065385118745,1.154997120397075,1.1620397262413669,1.3412277383165563,1.3482703441608486
2020-10-19,293.7224236111112,1531.0918958333334,,0.27837581705743436,0.8809857504353742,1.1593615674928095,1.0074207118155207,1.2857965288729554,1.1832254051820426,1.4616012222394774
2020-10-20,296.5196041666667,1730.0574236111115,,0.5027130945659838,0.9255732410100675,1.4282863355760524,0.908964644533448,1.4116777390994322,1.032260114539917,1.5349732091059014
2020-10-21,298.10359027777776,1626.139604166667,,1.1340599079655842,0.7145096963426436,1.8485696043082296,0.32477496058620337,1.4588348685517876,0.6530004609162418,1.7870603688818267
2020-10-22,297.9951319444444,1386.4532675827425,,1.693694359965584,0.5677425562462594,2.2614369162118457,-0.2651828694161818,1.4285114905494025,0.3247123005168244,2.0184066604824094
2020-10-23,296.1835416666666,1242.4359273049643,,2.0453753322755843,0.5029222086439799,2.548297540919566,-0.6955861874855293,1.349789144790055,0.24445535812414843,2.289830690399733
2020-10-24,294.2001666666667,1164.6890036938532,,1.9470648150428573,0.7298121096800476,2.676876924722906,-0.6776650820272666,1.2693997330155902,0.5211259597872503,2.4681907748301075
2020-10-25,293.4196258865248,1198.0310888002361,,1.9476553692028578,0.9979947190080126,2.94565008821087,-0.7167248183283483,1.2309305508745085,0.8338569604706031,2.7815123296734607
2020-10-26,293.4310494976359,1224.5021328309692,,1.8653607100114293,0.9765704123220402,2.841931122333469,-0.6890133460224694,1.1763473639889588,0.8170570134256865,2.6824177234371156
2020-10-27,293.3200147754136,1271.9415772754135,,1.8133057922914289,1.0565597264006474,2.8698655186920763,-0.6903953245388985,1.12291046775253,0.8050433626523134,2.618349154943742
2020-10-28,293.312361111111,1317.4327454196216,,1.4646303671571435,1.208349797424744,2.6729801645818867,-0.36431658517717413,1.1003137819799684,0.8653526045990634,2.329982971756206
2020-10-29,294.0589097222221,1442.9505555555554,,0.9194600675057149,1.6652623132830418,2.584722380788756,0.22088446192708158,1.1403445294327954,1.5154611832994076,2.4349212508051217
2020-10-30,295.3147013888888,1625.7700972222221,,0.41198812610571506,1.8641899416919452,2.2761780677976593,0.7999227592215062,1.21191088532722,2.4475076993771228,2.859495825482837
2020-10-31,295.33763194444435,1594.320964539007,,0.17214605858857213,1.8384602228424771,2.0106062814310484,1.0433256089980245,1.215471667586595,2.998411341684285,3.1705574002728554
2020-11-01,295.2411736111109,1586.4054923167848,,0.2202788850285722,1.5558710554396373,1.776149940468209,1.0161580058997002,1.236436890928271,3.12672734341873,3.347006228447301
2020-11-02,295.5283628841606,1521.0623662825058,,-0.37094854111428505,1.425011528262181,1.0540629871478955,1.6208723166631385,1.2499237755488524,2.6912283818283256,2.3202798407140404
2020-11-03,296.07505038416053,1511.4802142434985,,-0.5929279674148045,1.1788437935907088,0.5859158261759038,1.8796654195218876,1.2867374521070822,2.212998708888948,1.6200707414741433
2020-11-04,295.92963468648617,1362.4708558778655,,-0.4921708799005187,0.8321596390602194,0.33998875915969995,1.7011358562802574,1.208964976379738,1.509984760674828,1.0178138807743087
2020-11-05,296.2346130721668,1362.8792805232554,,0.38315830196233863,0.3224774834872408,0.7056357854495786,0.7917092609289546,1.1748675628912923,0.7080372677828225,1.0911955697451603
2020-11-06,296.6320103830415,1410.4327020658086,,1.0043519374142866,0.10625006855434412,1.11060200596863,0.19257415259076746,1.196926090005053,0.2960916902333665,1.3004436276476519
2020-11-07,296.5230927473826,1391.5102895981083,,1.311694538122858,0.0895528293974458,1.4012473675203028,-0.06414765197623577,1.2475468861466215,0.13880497186211346,1.4504995099849705
2020-11-08,295.24151152482256,1245.1232124704486,,1.3113076741171437,0.22248780229068413,1.5337954764078268,-0.07084040134587472,1.2404672727712682,0.2686933217477789,1.5800009958649215
2020-11-09,294.4942420212764,1122.4265528959804,,1.157903976563897,0.3242191817660874,1.4821231583299834,0.0157159454493367,1.1736199220132326,0.3994061798524407,1.557310156416337
2020-11-10,293.9653199198272,1169.5477129201352,,0.9518428370770401,0.43746130490732155,1.3893041419843606,0.195792108796659,1.1476349458736979,0.5849887803609047,1.536831617437944
2020-11-11,294.13392984890527,1258.3143724946033,,1.3200699325484686,0.48230901937116655,1.802378951919634,-0.1849924792836266,1.1350774532648409,0.7797643923214322,2.0998343248698994
2020-11-12,294.0711839860211,1356.8592980265182,,1.2745099144134295,0.5384785026815098,1.8129884170949382,-0.12164522373204718,1.1528646906813813,1.0735803085212592,2.348090222934687
2020-11-13,294.93185229959164,1372.9281847195352,,1.4195188459974293,0.5012203527397976,1.9207391987372262,-0.2631560151325992,1.1563628308648295,1.287953136838581,2.7074719828360094
2020-11-14,295.6555328282828,1229.0534574314572,,1.0940256622117153,0.48514312902699547,1.57916879123871,0.06036783160419712,1.1543934938159115,1.2508718068056535,2.344897469017368
2020-11-15,296.6972834742776,1320.0735078190542,,0.8629911592200011,0.4600256298351006,1.323016789055101,0.31870559331884074,1.181696752538841,0.9933570900507164,1.8563482492707166
2020-11-16,295.9665576522272,1101.554950759093,,0.35546716135857254,0.5546672056068037,0.9101343669653755,0.8109777260582541,1.1664448874168256,0.7674512646288303,1.1229184259874019
2020-11-17,295.235522513607,1088.4385503875967,,-0.2521591517214275,0.8938598955908149,0.6417007438693867,1.410522188620359,1.1583630368989306,0.9236418227087247,0.6714826709872965
2020-11-18,294.23565957446795,1042.3142836879429,,-0.3402854494099989,1.1603149392240735,0.820029489814074,1.4664399688988332,1.1261545194888334,1.0772859697533106,0.7370005203433108
2020-11-19,294.4229030732859,1259.993925975177,,-0.11861309802857045,1.3777915341675842,1.259178436139013,1.259727921260579,1.1411148232320079,1.1664790589298653,1.0478659609012937
2020-11-20,294.38825576241123,1467.5095892434983,,0.23949113873142955,1.2323755973369668,1.4718667360683957,0.9053504730026205,1.1448416117340494,1.0002655431348881,1.2397566818663164
2020-11-21,293.84494444444437,1409.7919791666664,,0.8105218113600009,1.046988943005922,1.8575107543659222,0.285183131814031,1.095704943174031,0.8984069525489761,1.7089287639089756
2020-11-22,293.0246527777777,1382.5417013888884,,1.404921924840001,0.8251389474135555,2.230060872253556,-0.38120870151172376,1.0237132233282764,0.8476694259346322,2.2525913507746327
2020-11-23,291.91412499999996,1248.6878333333332,,1.6656450703720005,0.6855634027859198,2.3512084731579197,-0.7124431029118169,0.953201967460183,0.8361216723838414,2.501766742755841
2020-11-24,291.16058333333325,1172.485347222222,,1.7986048550315805,0.5649003579273334,2.363505212958913,-0.9051591738768563,0.8934456811547239,0.7823613911638615,2.5809662461954415
2020-11-25,290.46193646572095,973.3101240942027,,1.7949889702705175,0.4545205168624766,2.2495094871329937,-0.9614236314389633,0.8335653388315544,0.6576748599098284,2.4526638301803456
2020-11-26,290.08175591016544,791.0563396739126,,0.730040357698518,0.9569860595091154,1.6870264172076326,0.0475306733075249,0.7775710310060426,1.1569922746975694,1.887032632396087
2020-11-27,290.0462836879431,772.3157841183571,,-0.1748739775210618,1.2759172429098222,1.1010432653887596,0.9491248520965566,0.7742508745754941,1.4742951457105165,1.2994211681894545
2020-11-28,290.54407092198574,830.4574354871173,,-0.8347142006057133,1.349078480726006,0.5143642801202913,1.6435858700881827,0.8088716694824686,1.5846589655361705,0.7499447649304573
2020-11-29,291.35067508865245,854.2773046296294,,-0.04090938145028492,0.7818618164259729,0.7409524349756871,0.9144689638015708,0.8735595823512851,1.0748720032567851,1.0339626218065003
2020-11-30,292.42590425531915,898.8516449074071,,0.2818507204817151,0.49657482167399625,0.7784255421557106,0.6582481676123998,0.9400988880941141,0.8497938986282428,1.1316446191099578
2020-12-01,292.8809583333333,974.5926124999996,,0.336377303185656,0.5518365864405915,0.8882138896262468,0.6485823971191057,0.9849597003047609,0.9338262272573158,1.270203530442972
2020-12-02,292.3765972222222,1086.9237041962172,,0.36608309970324066,0.7257569223542625,1.0918400220575022,0.5951442214630065,0.9612273211662465,1.0595377479821746,1.4256208476854149
2020-12-03,291.25481944444437,1053.1522180851064,,0.3868961335712407,0.8206004390866933,1.207496572657933,0.4953112767532611,0.8822074103245011,1.0745730468472405,1.4614691804184805
2020-12-04,290.67817361111105,1017.1709055851064,,0.5354346595370142,0.8229952487811486,1.3584299083181615,0.2908805915045471,0.8263152510415605,0.9939570147734704,1.529391674310484
2020-12-05,289.93047916666654,992.8147083333333,,0.4996931766925723,0.7827822770190478,1.2824754537116192,0.2668411295989511,0.7665343062915225,0.907656560225108,1.40734973691768
2020-12-06,289.62422222222204,981.8419930555557,,0.5050937108640009,0.7895282790213075,1.2946219898853075,0.26475717199540727,0.7698508828594074,0.9010487380716072,1.4061424489356078
2020-12-07,290.2514513888887,1026.5089423758866,,0.41427573777896187,0.8588351479125337,1.273110885691495,0.42199205354855174,0.8362677913275132,0.9990284424372077,1.4133041802161692
2020-12-08,291.9776180555554,1114.1078243203312,,0.5646108996303906,0.7952340584272962,1.3598449580576857,0.38003449368750847,0.9446453933178985,0.9638735772604855,1.5284844768908756
2020-12-09,292.00377083333325,1060.7940673758867,,0.46173232055688396,0.7910769835077652,1.2528093040646484,0.48657716578749305,0.9483094863443764,0.97835416293941,1.4400864834962934
2020-12-10,292.5437222222222,1005.3794861111113,,0.49426901920192295,0.7107856293998136,1.2050546486017357,0.4901513220531379,0.9844203412550602,1.1706383358990406,1.6649073551009632
2020-12-11,293.7545694444444,1019.6644583333333,,0.3630614614019228,0.8558471707385972,1.2189086321405196,0.7179761186400712,1.0810375800419934,2.2931475841719773,2.6562090455738994
2020-12-12,296.04597222222213,1140.6682430555556,,0.5391624501840008,0.9227542026795358,1.461916652863536,0.6896658584703571,1.2288283086543574,3.4163765893736016,3.9555390395576016
2020-12-13,296.20822916666657,1206.6376458333334,,0.6411102710898707,0.9248552894230168,1.5659655605128868,0.5962155837854743,1.2373258548753447,3.858902912126505,4.5000131832163754
2020-12-14,294.81229166666657,1053.829951388889,,0.4428132799841125,0.9147892021301924,1.357602482114304,0.7153567266582285,1.1581700066423404,2.986875866487414,3.4296891464715267
2020-12-15,292.86829861111096,980.5278263888889,,0.21659631234068397,0.8783743158014578,1.0949706281421407,0.8426134274903533,1.0592097398310367,1.8933811289141316,2.109977441254816
2020-12-16,291.311909722222,817.9906875,,0.07375736825756714,0.8366297719867473,0.9103871402443137,0.8832461366192293,0.9570035048767959,1.1319412135264317,1.205698581783999
2020-12-17,290.60253472222195,833.1914861111112,,0.3379742425456111,0.6657589563984981,1.0037331989441085,0.5526211454507849,0.8905953879963956,0.84836847270343,1.1863427152490411
2020-12-18,290.0322916666665,837.4276220238097,,0.9121604237690396,0.6856801282242398,1.5978405519932786,-0.07266759344212474,0.8394928303269147,0.8936517655196612,1.8058121892887005
2020-12-19,289.68576388888874,847.6097457826748,,1.3160958044822864,0.6863637538648234,2.002459558347109,-0.5053433471590167,0.8107524573232695,0.9322440847389571,2.2483398892212434
2020-12-20,290.0728194444443,891.718905504897,,1.4027979193371436,0.6792289009206433,2.082026820257786,-0.5697137032228121,0.8330842161143313,0.9524989178387034,2.3552968371758465
2020-12-21,290.74677083333313,910.8030265366428,,1.151165492631429,0.6190882221647499,1.7702537147961788,-0.27719902267908153,0.8739664699523474,0.9090148309000993,2.060180323531528
2020-12-22,291.49090277777753,1020.220645833333,,0.9448374872038965,0.7301736112977563,1.6750110985016526,-0.019823466622115166,0.9250140205817813,1.1963509403170252,2.141188427520922
2020-12-23,291.6159305555554,1000.5014236111109,,1.066886498116364,0.6978556779585249,1.7647421760748887,-0.14880685329199114,0.9180796448243728,1.541670753774208,2.608557251890572
2020-12-24,291.89152777777764,1011.841805112293,,0.9772202653776626,0.6247969245035855,1.6020171898812479,-0.07356610527123932,0.9036541601064233,1.7031256970341335,2.680345962411797
2020-12-25,291.7055277777776,1067.4419231678487,,0.9361776696851951,0.4322083577221389,1.368386027407334,-0.0627351818122883,0.8734424878729068,1.5161873052791048,2.4523649749643
2020-12-26,290.44923611111085,1155.813082890071,,0.7498848305984419,0.41096182648244645,1.1608466570808886,0.05227250879584575,0.8021573393942876,1.1431444983441315,1.8930293289425733
2020-12-27,289.08736111111085,1124.8053958333335,,0.6846742124875327,0.48604068209104884,1.170714894578582,0.057898766225940305,0.7425729787134729,0.9261905598838363,1.6108647723713692
2020-12-28,289.1649596631203,1081.9667811761228,,0.6020213541914288,0.6149504966972661,1.2169718508886949,0.14793116429701078,0.7499525184884394,0.8097460791821073,1.4117674333735364
2020-12-29,289.2548624408981,1037.7406561761227,,0.3714498179914288,0.8723409648909124,1.243790782882341,0.40415551783276626,0.7756053358241949,0.9735952419721775,1.3450450599636066
2020-12-30,289.15574438534253,1042.1388114791528,,0.16778954280389638,0.944280419868529,1.112069962672425,0.597271370051701,0.7650609128555971,1.0356001339846306,1.203389676788527
2020-12-31,288.05510416666635,980.393315025252,,-0.12554897619542824,1.0506093751525365,0.9250603989571079,0.836469477562741,0.7109205013673127,1.1565959391562899,1.0310469629608614
2021-01-01,288.2040624999997,940.7062525252519,,-0.011800709978285312,0.9145369757464561,0.9027362657681705,0.7047393534406661,0.6929386434623805,1.0480979919233506,1.036297281945065
2021-01-02,288.30797916666637,938.9729513888884,,0.15662436121314327,0.7876700283289569,0.9442943895420998,0.5251587063448622,0.6817830675580052,0.9426207635852291,1.099245124798372
2021-01-03,287.9971319444441,980.1023301767673,,0.32448665728628606,0.6489225606611063,0.9734092179473922,0.3319247371465056,0.6564113944327915,0.8302750130444059,1.1547616703306918
2021-01-04,287.30144444444414,975.9822875841746,,0.19343005869747087,0.6634296495576708,0.8568597082551414,0.4328621163979876,0.6262921750954583,0.8834300117605401,1.0768600704580107
2021-01-05,286.92672222222194,955.6204602693597,,0.1592498957467002,0.5917173769995306,0.7509672727462305,0.45608833294372647,0.6153382286904265,0.8543249221680744,1.013574817914774
2021-01-06,287.0186527777775,895.0826856481476,,-0.05388700575101407,0.4791110090537105,0.42522400330269594,0.6588830533184132,0.6049960475673991,0.786047636946328,0.7321606311953136
2021-01-07,286.66115277777743,740.7398949074069,,-0.09012407160219893,0.26139462847438555,0.1712705568721862,0.6652755519413774,0.5751514803391783,0.5665261685715083,0.476402096969309
2021-01-08,286.2676467198578,543.5852146867609,,0.22863859157008873,0.2163945940985944,0.44503318566868266,0.329717210973481,0.5583558025435694,0.5517556177117972,0.7803942092818854
2021-01-09,286.5828619976355,612.6626313534275,,0.3203810649500887,0.24324900942529337,0.5636300743753816,0.2577618133685739,0.5781428783186624,0.6556636490195341,0.9760447139696223
2021-01-10,286.9076467198577,740.057388297872,,0.4559103673347888,0.28600869732904605,0.7419190646638344,0.13887214938103254,0.5947825167158212,0.7873493539681998,1.243259721302988
2021-01-11,287.72622222222185,941.0868680555551,,0.12743892000368087,0.31758975824558977,0.4450286782492702,0.4910473507104896,0.6184862707141705,0.8789796102313973,1.0064185302350774
2021-01-12,287.5081805555552,922.2318333333327,,0.3050961427482263,0.3330013876495213,0.6380975303977472,0.30569409027256467,0.6107902330207909,0.8324727173073508,1.1375688600555767
2021-01-13,287.627458333333,970.1492083333328,,0.4155859593520977,0.35044044847525124,0.7660264078273484,0.20854233548374804,0.6241282948358458,0.7916533168230724,1.20723927617517
2021-01-14,287.305083333333,962.4295050925921,,0.39486320556654575,0.41272715018181744,0.8075903557483626,0.2233866313539048,0.6182498369204504,0.7816737721106364,1.176536977677182
2021-01-15,287.16105555555515,951.8311752314812,,0.44488896841457176,0.40919830760813974,0.8540872760227108,0.17302620385594114,0.6179151722705128,0.742099610034714,1.1869885784492855
2021-01-16,287.6112430555552,976.99362662037,,0.41798885874272756,0.4362059413477469,0.8541948000904739,0.23105222689973726,0.6490410856424647,0.7636062027973977,1.1815950615401252
2021-01-17,288.2275902777774,1013.7404548611106,,0.5453253728980003,0.35381349931799927,0.8991388722159991,0.1542002856824007,0.6995256585804008,0.6746035951173074,1.2199289680153076
2021-01-18,288.6347847222218,1031.3321925505045,,0.5760006921151434,0.34561192372566124,0.9216126158408038,0.17021071198120144,0.7462114040963442,0.6699231483407342,1.2459238404558775
2021-01-19,288.7082013888885,947.8219633838377,,0.4933599206384162,0.36925188284421306,0.8626118034826283,0.2685244230529545,0.7618843436913703,0.7006912139850249,1.1940511346234404
2021-01-20,290.0506666666663,914.2328453282822,,0.585070649640624,0.38860700020890554,0.9736776498495286,0.23920652315233817,0.8242771727929616,0.7151744028007644,1.3002450524413875
2021-01-21,291.9079861111107,925.8510138888882,,0.3782401208727278,0.43685187024475275,0.8150919911174794,0.5482120788110737,0.9264521996838012,1.1605043790884098,1.538744499961136
2021-01-22,293.7105277777774,1044.336805555555,,0.4205390342327277,0.3715947693911213,0.7921338036238481,0.6109780784744264,1.0315171127071538,2.22994607221019,2.6504851064429165
2021-01-23,293.7956249999996,1069.9164861111105,,0.17641079841418225,0.35831410042822376,0.5347248988424049,0.8859902934658445,1.0624010918800264,2.5904984223166103,2.7669092207307906
2021-01-24,293.7980902777774,1050.7963124999994,,0.15438524612981863,0.2965303695175734,0.45091561564739085,0.9051503344933135,1.0595355806231317,2.2316654337763784,2.386050679906196
2021-01-25,293.82634722222184,972.0654444444439,,-0.03993649855218135,0.42724226484651107,0.3873057662943285,1.0977338825848424,1.0577973840326604,1.2615332567042803,1.2215967581520972
2021-01-26,294.10551388888854,905.3607638888883,,-0.140638689768545,0.45729862903926044,0.31665993927071423,1.2101345525497937,1.0694958627812483,0.9653775252826563,0.8247388355141095
2021-01-27,294.57343055555526,937.2937152777771,,-0.42179527528511646,0.4140440118563371,-0.0077512634287805375,1.506489339562166,1.0846940642770493,0.887659057312113,0.46586378202699463
2021-01-28,294.0637013888886,957.176479166666,,-0.6791081761195321,0.23198628511893105,-0.44712189100060223,1.737721384700171,1.058613208580639,0.683018969252236,0.0039107931327021506
2021-01-29,293.4547916666663,940.654805555555,,-1.0420934446321035,0.16921494993049002,-0.8728784947016148,2.045678484190018,1.0035850395579142,0.564468818222887,-0.4776246264092185
2021-01-30,292.8160833333329,924.4762819444437,,-0.5725133820689865,0.15773092388314583,-0.4147824581858421,1.5453640505740243,0.9728506685050374,0.5180455731647665,-0.05446780890422184
2021-01-31,293.1687499999996,965.3324763888882,,-0.13929994390270073,0.14475615856013146,0.0054562146574292925,1.1311547756954194,0.9918548317927183,0.4970953843018213,0.35779544039911854
2021-02-01,293.7765138888885,1062.9317472222217,,0.36905105600987076,0.0926234732805684,0.4616745292904378,0.6692696085380936,1.038320664547964,0.48656635657361536,0.8556174125834842
2021-02-02,294.00325694444405,1078.021006944444,,0.3176939719842344,0.05264303774846785,0.37033700973270084,0.7265681858085634,1.0442621577927973,0.430422552927115,0.7481165249113474
2021-02-03,293.9701687091499,1025.1467790032675,,0.3222644342694032,0.0417943021953203,0.3640587364647221,0.7214342425898788,1.0436986768592813,0.4272139068748058,0.7494783411442071
2021-02-04,294.0676288171873,1001.0016696125616,,0.34618403972418244,0.03802031857665931,0.3842043583008403,0.6984268827559728,1.0446109224801547,0.4178514967788725,0.7640355365030529
2021-02-05,294.2871064806543,979.1012750206773,,0.331194417579533,0.03671435486035526,0.36790877243988684,0.7193310111320895,1.0505254287116224,0.4285908150698278,0.7597852326493587
2021-02-06,294.78182992462024,1001.4295007985952,,0.31159383157685766,0.0466927899387562,0.3582866215156126,0.7357773510361421,1.0473711826129994,0.45650904021384614,0.7681028717907016
2021-02-07,295.4614941712442,1037.061092799258,,0.18870822489020314,0.14673120218912508,0.3354394270793269,0.8672157324730634,1.0559239573632662,0.6757636436481677,0.8644718685383683
2021-02-08,296.1534240535561,1079.8341076670242,,0.08832011087968884,0.25494399013874997,0.3432641010184376,0.9790135331411877,1.067333644020876,0.9317102312950731,1.0200303421747596
2021-02-09,296.6849444045857,1123.586602046253,,0.03008613803738232,0.35003029854672746,0.38011643658410854,1.0480790831218403,1.078165221159222,1.1487897780703953,1.178875916107775
2021-02-10,296.8833800573628,1162.1566325813021,,0.19936803324903948,0.3643983540690981,0.5637663873181363,0.8695122108323671,1.0688802440814065,1.148340493973379,1.3477085272224159
2021-02-11,296.57605584491716,1189.382255916531,,0.20525210788075376,0.36442368796619773,0.5696757958469502,0.8628281762300688,1.0680802841108223,1.1483336692422033,1.3535857771229545
2021-02-12,295.71621972966017,1197.3657637005608,,0.17943830057269664,0.35902536935426826,0.5384636699269637,0.8875193561043117,1.066957656677008,1.1431864306270736,1.322624731199768
2021-02-13,294.467131944444,1215.8793686111098,,0.33765874949462926,0.3655260599567349,0.7031848094513631,0.7222443002785125,1.0599030497731412,1.0631074520174304,1.4007662015120574
2021-02-14,293.8420763888885,1302.5154722222208,,0.501480988839715,0.396818737884695,0.8982997267244092,0.5505297485120703,1.0520107373517849,0.9615168631423403,1.4629978519820528
2021-02-15,293.3486041666663,1329.9992638888878,,0.722670385821715,0.37812951743162687,1.1007999032533409,0.3057027493496847,1.0283731351713994,0.764228692427388,1.4868990782491007
2021-02-16,292.8770434397159,1263.7270193557908,,0.5564101231345719,0.4406326440509258,0.9970427671854969,0.44311326963344455,0.9995233927680163,0.7794020914895001,1.3358122146240696
2021-02-17,291.9753259456261,1095.738085106382,,0.24770202262951693,0.43094331375440015,0.6786453363839163,0.6970896943311867,0.9447917169607032,0.7569476636619198,1.0046496862914343
2021-02-18,291.2852842789594,973.1259253841596,,-0.13931439820305438,0.49609506408733167,0.35678066588427665,1.0393644783127447,0.9000500801096898,0.8349524472018963,0.6956380489988395
2021-02-19,290.9502894503542,921.3878990839233,,-0.3075360958493401,0.4844596790927464,0.17692358324340565,1.1952854143417364,0.887749318492396,0.8344070717953636,0.5268709759460212
2021-02-20,291.8769652777774,1031.9101388888878,,0.09570665249571492,0.43029925721918555,0.5260059097148998,0.8509875897484047,0.9466942422441194,0.7740622882132971,0.8697689407090096
2021-02-21,292.0705208333329,1068.1615833333321,,0.2429779012642863,0.6200396181205527,0.8630175193848384,0.7104643397893106,0.9534422410535969,0.990150037035196,1.2331279382994802
2021-02-22,292.2620833333329,1119.1084374999984,,0.30324786184233826,0.6273075190903462,0.9305553809326838,0.6377653940337157,0.9410132558760537,1.0448133749145014,1.3480612367568374
2021-02-23,291.8495208333329,1113.106743055554,,0.02829326436688362,0.7354613972326195,0.7637546615995024,0.8829200301953603,0.9112132945622439,1.199042407559593,1.2273356719264743
2021-02-24,292.815006944444,1237.265743055554,,0.12269252810688362,0.5659051707810577,0.6885976988879406,0.8554227599514138,0.9781152880582974,1.040082204648226,1.162774732755107
2021-02-25,293.3965435606056,1224.8388497474732,,0.06839445535254593,0.5863456928839349,0.65474014823648,0.9233401879788133,0.9917346433313593,1.0189270418675964,1.08732149722014
2021-02-26,293.31133371761047,1093.7496522345532,,0.07948020941600054,0.6107924973004929,0.6902727067164927,0.8982888562724348,0.9777690656884358,1.0095145972558865,1.0889948066718846
2021-02-27,292.79846566205487,1012.8205411234418,,-0.146035295435428,0.6877884421259995,0.5417531466905707,1.0901012605238771,0.9440659650884496,1.1165805691727793,0.9705452737373491
2021-02-28,293.2294846014488,1136.121344153745,,-0.05240911393142792,0.7433514206875973,0.6909423067561687,1.0546569821469005,1.0022478682154727,1.2185751020782296,1.1661659881467994
2021-03-01,293.64752083333286,1242.1826650064584,,0.45116681751200044,0.7617416792806981,1.212908496792698,0.5607368809361072,1.0119036984481078,1.2517704769117401,1.7029372944237382
2021-03-02,294.0834236111106,1260.7748038953475,,1.0402733892948577,0.7149345882252921,1.755207977520149,-0.004692491517830429,1.035580897777027,1.2264406113499462,2.266714000644802
2021-03-03,294.1854847813234,1232.6884634698154,,0.5787311050240004,0.8498420692050271,1.4285731742290269,0.4563991136598508,1.0351302186838514,1.4179319497483682,1.996663054772367
2021-03-04,294.0834708924345,1243.7754234633555,,-0.1397942837874279,0.9300016672710226,0.790207383483594,1.1898077637851854,1.0500134799977576,1.5384559776271196,1.39866169383969
2021-03-05,293.48198894799015,1141.111252630022,,-0.8428978599188565,0.9841832243640213,0.14128536444516415,1.8044887736991833,0.9615909137803267,1.5181453219907153,0.6752474620718566
2021-03-06,292.38410951536594,957.3994581349189,,-0.8091028486718956,0.915071457043067,0.10596860837117099,1.7093600827582949,0.9002572340863995,1.4091691215671218,0.6000662728952243
2021-03-07,292.2294567375882,904.5544170024401,,-0.7271950021614023,1.0400646599892716,0.31286965782786874,1.5946051885874848,0.8674101864260827,1.5326899668645932,0.8054949647031896
2021-03-08,291.9471122931437,995.400455891329,,-0.8396500432014022,1.392720684283759,0.5530706410823562,1.7271857072420858,0.8875356640406838,1.9501190679374794,1.1104690247360758
2021-03-09,292.167256944444,1131.1478963675197,,-0.7994684698695059,1.6406933633067995,0.8412248934372926,1.6830828957228723,0.8836144258533664,2.166271450376034,1.3668029805065258
2021-03-10,291.8093611111106,1160.4923641598898,,-1.2164715877799992,2.0036496573657088,0.7871780695857087,2.098330022205941,0.8818584344259418,2.448045913058975,1.2315743252789735
2021-03-11,292.38456944444397,1215.2817494958072,,-1.4512654315536837,2.2131258155407862,0.7618603839871021,2.3879266608819036,0.9366612293282203,2.5754083655745528,1.1241429340208677
2021-03-12,293.3402222222217,1317.0076731069182,,-1.3993127268936838,2.1766505498281443,0.7773378229344603,2.413175490666919,1.0138627637732351,2.4698578041856294,1.0705450772919445
2021-03-13,293.69580555555507,1370.6653575581379,,-1.3507439615845929,2.0741271290495056,0.7233831674649122,2.390766439259132,1.0400224776745395,2.348924704018892,0.9981807424342977
2021-03-14,293.88059027777723,1433.9545208333318,,-1.2050498201366227,2.0255602466636358,0.8205104265270124,2.2542719596575016,1.049222139520879,2.2802639592306284,1.075214139094004
2021-03-15,293.8706736111106,1455.3663333333318,,-1.2910540886280513,2.2872729531265157,0.9962188644984641,2.3427872503689704,1.0517331617409187,2.527090837833138,1.2360367492050852
2021-03-16,294.51718055555506,1525.4270902777762,,-1.0678533343485708,2.4011655884928627,1.3333122541442919,2.1692888946491125,1.1014355603005408,2.6144418880494165,1.546588553700845
2021-03-17,294.8482333937192,1527.7374045893705,,-0.7309268420914282,2.535416803428158,1.8044899613367298,1.8537741947746376,1.1228473526832088,2.722563287981732,1.9916364458903033
2021-03-18,294.39472644927474,1530.888772644926,,-0.9314643568799997,2.6090608711344827,1.677596514254483,2.015951999820623,1.0844876429406227,2.7888637566666756,1.8573993997866751
2021-03-19,293.0099139492748,1423.0072934782593,,-1.2642055211976622,2.793032387160087,1.528826865962425,2.2434748344080666,0.9792693132104042,2.9826959922907297,1.7184904710930669
2021-03-20,291.6259166666661,1321.5854236111095,,-1.8406361288890913,2.854394460962157,1.0137583320730663,2.716424383128006,0.8757882542389153,3.0643641746302666,1.2237280457411743
2021-03-21,290.6295902777772,1215.6890694444428,,-2.0241214168090917,3.00823358215055,0.9841121653414596,2.824531642980585,0.8004102261714946,3.229403974464877,1.2052825576557853
2021-03-22,290.8031480496448,1204.9878249113456,,-1.8220286751900006,2.9408883260989014,1.1188596509089013,2.629980473941092,0.8079517987510925,3.1823843338221867,1.360355658632186
2021-03-23,291.2637484284327,1169.3555972461807,,-1.5750840418057719,3.1967130658074985,1.6216290240017275,2.4007636020546115,0.8256795602488399,3.458836096718515,1.8837520549127431
2021-03-24,292.00031850419026,1165.7862548689197,,-1.5717284082281016,3.37923267295659,1.8075042647284894,2.453013549579824,0.8812851413517228,3.664069029066603,2.0923406208385007
2021-03-25,292.13442488716896,1144.8962895590214,,-2.247861703103338,3.9377027777363978,1.689841074633061,3.176107570756688,0.928245867653351,4.2738965216147555,2.0260348185114174
2021-03-26,292.775057221147,1307.2427265917988,,-2.703774685893281,3.9290915085134817,1.2253168226202014,3.7253064484528458,1.0215317625595655,4.876456473929701,2.1726817880364186
2021-03-27,294.1874246453894,1515.5488328579486,,-2.8695890891909515,4.056541269601008,1.1869521804100576,4.007563724939516,1.1379746357485656,8.050336193202844,5.180747104011892
2021-03-28,295.79979343971564,1701.7651102245845,,-2.883316515925715,4.0189395507693675,1.135623034843652,4.1092685667167075,1.225952050790993,11.862615378888298,8.979298862962585
2021-03-29,296.6764843380608,1676.5819703014167,,-2.9691718902,4.230304716895897,1.2611328266958959,4.238018089529558,1.268846199329559,16.06728832552647,13.098116435326466
2021-03-30,296.5697829491719,1586.2407480791946,,-2.9212850756,3.9837172135761763,1.0624321379761767,4.179920096057017,1.2586350204570167,16.30557937530897,13.384294299708962
2021-03-31,296.7379097222215,1673.6441874999985,,-2.8409688172000003,4.077238545700911,1.2362697285009114,4.125652182742544,1.284683365542545,16.645963049295506,13.804994232095495
2021-04-01,296.36784722222154,1577.4620138888874,,-3.515250631085715,4.48752940100605,0.9722787699203362,4.765996614136605,1.2507459830508907,14.373477419299372,10.858226788213651
2021-04-02,295.4845624999994,1442.157326388887,,-4.442639120135429,5.29493208795673,0.8522929678213019,5.635728870089163,1.193089749953734,13.238391165648816,8.79575204551338
2021-04-03,294.41894444444387,1211.286451388887,,-5.456591820375429,5.596767638482528,0.1401758181070992,6.5557867986465235,1.0991949782710948,11.239285050126924,5.782693229751492
2021-04-04,293.75501388888824,1188.1752430555534,,-5.739459652879716,5.6625913053168295,-0.07686834756288434,6.79757155413315,1.058111901253434,11.186711552877242,5.4472518999975215
2021-04-05,294.1110763888882,1252.8111041666646,,-5.395113074367143,5.426101594305375,0.03098851993823082,6.472010373280598,1.0768972989134526,9.980803421403172,4.585690347036023
2021-04-06,294.77452083333264,1322.937402777776,,-4.893225358412287,5.48367972732794,0.5904543689156526,6.031349053810118,1.13812369539783,8.27290770709867,3.3796823486863783
2021-04-07,295.50842361111046,1405.087263888887,,-4.633627649702285,5.8406101541279325,1.2069825044256446,5.825438428518983,1.1918107788166965,6.850246794627097,2.216619144924806
2021-04-08,296.13888131313064,1528.9394248737356,,-4.654068745565142,6.073463882189562,1.4193951366244175,5.8548172402129595,1.2007484946478149,6.437435800470005,1.7833670549048566
2021-04-09,296.0002702020195,1495.3018415404022,,-4.469011814571428,6.053481299821168,1.584469485249737,5.657891395862793,1.188879581291364,6.289269079787193,1.8202572652157587
2021-04-10,296.0458327020195,1435.1934739281094,,-4.509189647005715,5.9822753478028226,1.4730857007971065,5.696021670203918,1.1868320231982026,6.108485729055459,1.599296082049739
2021-04-11,296.07590187198,1330.736696581472,,-4.983275144905716,6.37892837163328,1.3956532267275634,6.188153537718043,1.2048783928123283,6.429858480199193,1.4465833352934732
2021-04-12,296.33756521739065,1354.012509081472,,-4.781148304500001,6.34296679025119,1.5618184857511874,6.006489266584272,1.2253409620842717,6.34448785162726,1.5633395471272566
2021-04-13,296.76672493961286,1479.116953082654,,-4.198249226848572,6.066952098753515,1.8687028719049408,5.469276474260429,1.2710272474118571,6.06179453544009,1.8635453085915163
2021-04-14,296.45919806763214,1484.738611111109,,-3.3721289071981624,5.495179694254067,2.123050787055901,4.632395173339162,1.2602662661409998,5.518441893364266,2.1463129861661012
2021-04-15,296.1657474747468,1443.913361111109,,-4.067557616392448,5.688416603617043,1.6208589872245895,5.290022358372282,1.2224647419798338,5.75215178459126,1.6845941681988104
2021-04-16,295.44077525252465,1263.4442013888865,,-4.283023633016136,5.5142265604498375,1.231202927433695,5.446011354439878,1.1629877214237412,5.591037391858698,1.30801375884256
2021-04-17,295.6486919191913,1208.06434722222,,-4.909389347286545,6.061117448407951,1.1517281011213991,6.09376229067593,1.184372943389385,6.0974792372313305,1.1880898899447836
2021-04-18,295.5161597222216,1388.519452294684,,-4.212317181955637,5.770069821512183,1.5577526395565406,5.42233817573771,1.2100209937820718,5.718175559925098,1.5058583779694608
2021-04-19,295.8718194444438,1472.8391397946841,,-4.475993577210942,6.422065685553558,1.9460721083426102,5.698136210005726,1.2221426327947833,6.236054106251594,1.7600605290406526
2021-04-20,295.3981597222216,1489.094577294684,,-4.5720426596109425,6.650253116364884,2.078210456753936,5.759603184655337,1.187560525044393,6.310251114755887,1.7382084551449448
2021-04-21,295.1970874704486,1275.6716442080358,,-4.967053992461852,7.096809218144432,2.129755225682574,6.104873790285892,1.1378197978240394,6.6562043593566145,1.6891503668947625
2021-04-22,295.5149138593374,1307.3534705969248,,-4.995243409885195,7.146247132653578,2.1510037227683765,6.180173114726622,1.184929704841425,6.644463961937178,1.6492205520519818
2021-04-23,296.33873034869913,1454.3586705082723,,-4.509422296259481,6.865680709756487,2.3562584134970006,5.763266702201847,1.2538444059423657,6.355988642149607,1.8465663458901256
2021-04-24,296.92616371158323,1547.7189429669013,,-4.30263338177948,6.742994461553695,2.4403610797742084,5.617004429234793,1.3143710474553119,6.241770624119049,1.939137242339567
2021-04-25,296.54346926713885,1494.1966651891232,,-4.242014158974286,6.576585184185486,2.334571025211195,5.516911251594109,1.2748970926198224,6.091571275707327,1.8495571167330407
2021-04-26,295.57536111111045,1244.768958333331,,-4.547078363884572,6.618758237421396,2.0716798735368194,5.75120304301187,1.2041246791272984,6.139177604839308,1.5920992409547354
2021-04-27,295.7539652777771,1176.4763402777753,,-5.121627349644572,7.3143303980833965,2.1927030484388204,6.3352807684234165,1.2136534187788452,6.76980401857038,1.6481766689258075
2021-04-28,295.6492986111105,1205.5192499999978,,-5.274552040684572,7.640227267902618,2.365675227218041,6.473562565534924,1.199010524850353,7.0479073804688,1.7733553397842279
2021-04-29,295.3157222222216,1296.2557152777756,,-4.9974115548254545,7.59386975776233,2.5964582029368684,6.161077100989844,1.1636655461643899,6.987628309168788,1.9902167543433338
2021-04-30,294.30816666666607,1316.4180277777757,,-4.540605121574026,7.007072323645094,2.4664672020710614,5.623099945588024,1.082494824013997,6.416327894983321,1.8757227734092945
2021-05-01,293.14102083333273,1265.6298930555533,,-4.380558773414025,6.4897466783677205,2.1091879049536892,5.323941976972997,0.9433832035589713,5.999646899798893,1.6190881263848664
2021-05-02,292.7966527777772,1289.2319277777758,,-4.305119540869715,6.267945843247989,1.9628263023782697,5.2183816001677075,0.9132620592979922,5.799732513091958,1.4946129722222439
2021-05-03,293.03217361111047,1305.2969347222202,,-3.6471826088217036,5.684663104999857,2.0374804961781483,4.582186032072502,0.9350034232507974,5.25245064207062,1.605268033248916
2021-05-04,294.4971111111104,1438.5101944444425,,-2.869780443827159,5.21874519700164,2.348964753174476,3.9825757423715107,1.1127952985443514,4.712092347088558,1.8423119032613995
2021-05-05,295.94154166666596,1551.4285694444427,,-2.9169636366660163,5.372168267648367,2.4552046309823474,4.143776728358675,1.2268130916926585,4.861491100479824,1.9445274638138075
2021-05-06,296.5122013888883,1536.4625069444428,,-3.724604853416883,6.18181349699044,2.4572086435735527,5.010494623318094,1.2858897699012106,5.661066322651378,1.9364614692344955
2021-05-07,296.9471111111105,1660.9032638888873,,-3.8401038836657144,6.38251127788597,2.5424073942202514,5.181171396154569,1.341067512488855,5.814381074267611,1.9742771906018968
2021-05-08,296.6864999999994,1601.6476597222202,,-3.8952612342257154,6.576709475960134,2.681448241734415,5.245231991103399,1.3499707568776849,5.9376907490568245,2.0424295148311127
2021-05-09,296.4111195090433,1540.507725613693,,-3.7794462882942876,6.3958792757162755,2.616432987421986,5.052726805974937,1.2732805176806503,5.736271793340369,1.956825505046086
2021-05-10,294.98610562015443,1273.1918297803597,,-4.4320361643272745,7.118086914136079,2.686050749808802,5.5758926449620745,1.143856480634801,6.451876653404675,2.0198404890774055
2021-05-11,293.95639366363275,1198.9948222320506,,-4.518693117527274,7.2481093292836976,2.7294162117564214,5.556230941003878,1.0375378234766044,6.596674096749861,2.0779809792225916
2021-05-12,293.69423248792214,1224.1598674516888,,-4.585422456527273,7.673369731186831,3.087947274659554,5.64390015685769,1.0584777003304164,6.986636784672654,2.4012143281453846
2021-05-13,294.44354498792217,1329.0882146739111,,-4.069797931228572,7.286643437666953,3.216845506438377,5.175833303989453,1.1060353727608814,6.586628314836516,2.5168303836079473
2021-05-14,295.2110277777772,1348.9934513888868,,-3.908700749657143,7.239815733088366,3.331114983431219,5.086529342855094,1.1778285931979517,6.474254322631764,2.5655535729746233
2021-05-15,296.5198263888883,1590.262937499998,,-3.4319771626571427,6.796181650606556,3.36420448794941,4.739722818139808,1.3077456554826665,5.8921481429503695,2.46017098029323
2021-05-16,298.0278263888883,1851.804562499998,,-3.4033010558343655,6.953476570711673,3.5501755148773046,4.863565156039484,1.4602641002051195,5.851336972351082,2.44803591651672
2021-05-17,299.2089027777772,2086.7055486111094,,-3.1658358864863136,6.91940837515011,3.7535724886637927,4.725293873046559,1.559457986560248,5.6589691809500975,2.4931332944637883
2021-05-18,299.2342152777772,2102.9421805555535,,-3.1692729538005993,7.017959847389072,3.8486868935884684,4.726558696729817,1.5572857429292195,5.66944872934392,2.5001757755433247
2021-05-19,299.03923611111054,2084.528819444442,,-2.9309632619376624,6.884687393203625,3.953724131265958,4.470386400118792,1.5394231381811325,5.5219540500227815,2.5909907880851235
2021-05-20,298.74195537825,1936.0499408983424,,-2.6825957419542856,6.78055219807574,4.097956456121451,4.204075494393286,1.5214797524390022,5.479053102648901,2.7964573606946197
2021-05-21,298.4168651004722,1812.5206908983425,,-2.9221309208400004,7.054194502376355,4.132063581536349,4.410441034656359,1.4883101138163617,5.93795255447413,3.0158216336341344
2021-05-22,297.99319148936115,1849.4011561761206,,-2.993307805097144,7.298851957281985,4.305544152184837,4.425156442519337,1.4318486374221961,6.566044037961998,3.57273623286486
2021-05-23,297.0290069444439,1888.5818402777757,,-2.940497470800002,7.247102430683936,4.306604959883932,4.26784480007814,1.3273473292781413,6.752261859955843,3.8117643891558486
2021-05-24,296.1239999999995,1854.6992777777757,,-2.441424326127274,6.880272828761272,4.438848502633996,3.6895631817473977,1.2481388556201258,6.540547999724343,4.099123673597076
2021-05-25,295.9116874999995,1754.2537361111088,,-1.9186053207272737,6.37181433162585,4.453209010898573,3.1642865132446567,1.2456811925173858,6.052831315650472,4.134225994923203
2021-05-26,296.34487499999955,1751.5771111111087,,-1.1610786482415592,5.831389022988887,4.670310374747323,2.4711964774378554,1.3101178291962985,5.440401791456703,4.279323143215147
2021-05-27,296.29004861111065,1572.086666666664,,0.34244368519740176,4.514269414712695,4.856713099910093,0.9618059355811622,1.3042496207785663,3.779765710480221,4.1222093956776265
2021-05-28,17815.5959375,1129.7128124999974,,0.8487730480345445,4.320997427548464,5.169770475583005,0.439841609445752,1.2886146574802984,2.9054832876044827,3.754256335639031
2021-05-29,17816.40675,1167.7465555555534,,1.2546594018319472,4.316868519440148,5.57152792127209,0.11120095798693426,1.365860359818883,2.2929750807311295,3.547634482563081
2021-05-30,17818.090020833333,1466.3872013888868,,0.8313891655644148,5.249179748952926,6.080568914517336,0.7003992146596042,1.5317883802240206,2.739489329916603,3.570878495481022
2021-05-31,298.8980755023658,1713.1004166666646,,0.4947484127272717,5.678434443103176,6.173182855830443,1.0347823256725939,1.5295307383998675,3.08369940734314,3.5784478200704157
2021-06-01,298.2507213356992,1651.5701388888867,,-0.017685890755845257,6.013499720643526,5.995813829887674,1.4613774468967298,1.4436915561408863,3.4111135741980356,3.3934276834421944
2021-06-02,296.92016578014363,1522.667562499998,,0.0029886965142846833,5.943882701679915,5.946871398194194,1.3550449814369123,1.3580336779511988,3.3946585803731963,3.397647276887485
2021-06-03,296.4366157407426,1565.4844291666648,,0.14903901508831074,5.689375781503002,5.838414796591306,1.198390903310728,1.3474299183990406,3.106365600464193,3.2554046155525085
2021-06-04,296.4287998423974,1548.5211530141823,,0.47981482383116797,5.493713774808595,5.9735285986397555,0.9066471395800524,1.3864619634112223,2.956642213813208,3.4364570376443804
2021-06-05,297.32654925138087,1574.671959173602,,0.46070397196311585,5.513903579028271,5.974607550991382,0.9586395253345669,1.4193434972976846,3.132141857678647,3.5928458296417674
2021-06-06,298.65492907801604,1866.212893925375,,1.24481801594909,4.91016367771337,6.154981693662454,0.3000996466414958,1.5449176625905876,2.6667734646007837,3.911591480549878
2021-06-07,300.2032624113494,2205.612163428921,,2.086399201606233,4.232897553453302,6.31929675505953,-0.43166751872495857,1.6547316828812761,2.1746470400881206,4.261046241694358
2021-06-08,298.7286241134771,2024.6952322695008,,2.6499144081599995,2.443825393245225,5.093739801405218,-1.4008355951993734,1.2490788129606278,1.1183255024872631,3.768239910647266
